StartDate,EndDate,Attn1,Attn2,Efficacy1,Efficacy2,Efficacy3,Efficacy4,Efficacy5,Efficacy6,CAB1,CAB2,CAB3,CAB4,CAB5,CAB6,CAB7,CAB8,Ecoanx1,Ecoanx2,Ecoanx3,Ecoanx4,Ecoang1,Ecoang2,Ecoang3,Ecoang4,Ecodep1,Ecodep2,Ecodep3,Ecodep4,Ecohope1,Ecohope2,Ecohope3,Ecohope4,Affective1,Affective2,Affective3,Affective4,Ruminat1,Ruminat2,Ruminat3,Behav1,Behav2,Behav3,Persim1,Persim2,Persim3,Injustice2,Injustice3,Injustice4,Worry1,Worry2,Worry3,Worry4,Worry5,Age,GenderNum,GenderText,FinStress1,FinStress2,FinStress3,FinStress4,FinStress5,FinStress6,FinStress7,FAILED_ATTN1,FAILED_ATTN2,FAILED_ATTN,FINSTRESS_TOTAL,FINSTRESS_BINARY,GENDER_BINARY,EFFICACY_MEAN,CAB_MEAN,ECOANX_MEAN,ECOANG_MEAN,ECODEP_MEAN,ECOHOPE_MEAN,WORRY_MEAN,Mean_GenInJust,AFFECTIVE_MEAN,RUMINAT_MEAN,BEHAV_MEAN,PERSIM_MEAN
13885501670,13885502864,Strongly disagree,Nearly every day,Agree,Strongly agree,Agree,Agree,Agree,Agree,1,0,25,95,65,65,5,30,95,95,85,85,40,45,30,45,25,25,25,10,35,10,75,74,Several of the days,Not at all,Not at all,Several of the days,Over half the days,Over half the days,Over half the days,Not at all,Over half the days,Several of the days,Over half the days,Nearly every day,Over half the days,Somewhat agree,Somewhat agree,Agree,2,4,4,Not at all typical of me,3,57,Woman,-99,Yes,Yes,No,Yes,No,Yes,Yes,Pass,Pass,0,5,Some financial stress,Woman,6.166666666666667,35.75,90,40,21.25,48.5,2.8,5.333333333333333,0.5,Over half the days,Several of the days,2.3333333333333335
13885416088,13885416716,Strongly disagree,Nearly every day,Agree,Agree,Disagree,Agree,Slightly agree,Slightly agree,0,0,49,100,19,0,32,48,29,59,16,46,92,72,79,65,16,27,45,50,0,0,47,49,Not at all,Not at all,Not at all,Not at all,Not at all,Not at all,Not at all,Not at all,Not at all,Not at all,Nearly every day,Nearly every day,Several of the days,Agree,Strongly agree,Strongly agree,Very typical of me,Very typical of me,Very typical of me,Very typical of me,Very typical of me,22,Man,-99,No,Yes,No,Yes,No,No,No,Pass,Pass,0,2,Some financial stress,Man,Slightly agree,31,37.5,77,34.5,24,5,6.666666666666667,Not at all,Not at all,Not at all,2.3333333333333335
13885504335,13885504822,Strongly disagree,Nearly every day,Slightly disagree,Strongly disagree,Slightly disagree,Slightly agree,Strongly disagree,Strongly disagree,0,0,0,71,71,50,0,52,0,0,0,0,100,100,100,100,100,0,0,0,0,0,0,0,Several of the days,Several of the days,Several of the days,Not at all,Not at all,Not at all,Not at all,Over half the days,Over half the days,Several of the days,Not at all,Not at all,Not at all,Strongly agree,Strongly agree,Strongly agree,Not at all typical of me,Not at all typical of me,Not at all typical of me,Not at all typical of me,3,29,Man,-99,Yes,Yes,No,Yes,Yes,Yes,Yes,Pass,Pass,0,6,Some financial stress,Man,2.3333333333333335,30.5,0,100,25,0,1.4,7,0.75,Not at all,1.6666666666666667,Not at all
13885501369,13885502215,Strongly disagree,Nearly every day,Agree,Slightly agree,Agree,Agree,Slightly agree,Neither agree nor disagree,0,0,0,100,0,0,50,0,100,100,100,100,100,100,100,100,100,80,100,100,0,0,0,90,Over half the days,Several of the days,Several of the days,Several of the days,Not at all,Not at all,Several of the days,Not at all,Not at all,Not at all,Not at all,Not at all,Not at all,Strongly agree,Strongly agree,Strongly agree,4,3,4,2,4,82,Woman,-99,No,No,No,No,No,No,No,Pass,Pass,0,0,No financial stress,Woman,5.333333333333333,18.75,100,100,95,22.5,3.4,7,1.25,0.3333333333333333,Not at all,Not at all
13885507837,13885508265,Strongly disagree,Nearly every day,Slightly disagree,Slightly disagree,Slightly disagree,Slightly disagree,Slightly disagree,Slightly disagree,0,0,0,10,0,0,5,0,10,20,10,20,30,5,30,5,5,0,5,5,0,0,0,0,Not at all,Not at all,Not at all,Not at all,Not at all,Not at all,Not at all,Nearly every day,Nearly every day,Several of the days,Not at all,Not at all,Not at all,Agree,Agree,Strongly agree,Not at all typical of me,2,3,2,2,58,Man,-99,No,No,No,No,No,No,No,Pass,Pass,0,0,No financial stress,Man,Slightly disagree,1.875,15,17.5,3.75,0,2,6.333333333333333,Not at all,Not at all,2.3333333333333335,Not at all
13885416281,13885419167,Strongly disagree,Nearly every day,Strongly agree,Agree,Agree,Strongly agree,Strongly agree,Strongly agree,0,0,100,90,50,0,7,30,51,51,51,0,50,50,50,0,0,0,90,50,30,100,51,51,Nearly every day,Over half the days,Over half the days,Over half the days,Over half the days,Over half the days,Over half the days,Over half the days,Not at all,Not at all,Over half the days,Several of the days,Over half the days,Strongly agree,Neither agree nor disagree,Neither agree nor disagree,4,Very typical of me,4,4,4,43,I prefer to self-describe:,-99,Yes,Yes,No,No,No,Yes,Yes,Pass,Pass,0,4,Some financial stress,199,6.666666666666667,34.625,38.25,37.5,35,58,4.2,5,2.25,Over half the days,0.6666666666666666,1.6666666666666667
13885505378,13885505949,Strongly disagree,Nearly every day,Strongly agree,Strongly agree,Strongly agree,Strongly agree,Strongly agree,Agree,20,0,0,68,50,68,32,60,65,83,58,47,8,0,5,7,0,0,56,74,15,15,15,15,Over half the days,Several of the days,Several of the days,Over half the days,Not at all,Not at all,Several of the days,Not at all,Not at all,Not at all,Several of the days,Over half the days,Several of the days,Neither agree nor disagree,Agree,Agree,2,Not at all typical of me,3,Not at all typical of me,Not at all typical of me,28,Man,-99,No,No,No,No,No,No,No,Pass,Pass,0,0,No financial stress,Man,6.833333333333333,37.25,63.25,5,32.5,15,1.6,5.333333333333333,1.5,0.3333333333333333,Not at all,1.3333333333333333
13885504534,13885505195,Strongly disagree,Nearly every day,Agree,Agree,Agree,Agree,Agree,Agree,100,0,0,100,100,50,100,100,60,59,61,48,13,24,12,14,13,9,50,32,17,24,25,58,Not at all,Not at all,Not at all,Not at all,Not at all,Not at all,Not at all,Several of the days,Several of the days,Several of the days,Over half the days,Over half the days,Not at all,Somewhat disagree,Somewhat agree,Agree,Very typical of me,Very typical of me,Very typical of me,Very typical of me,Very typical of me,28,Woman,-99,No,No,No,No,No,Yes,No,Pass,Pass,0,1,Some financial stress,Woman,Agree,68.75,57,15.75,26,31,5,4.666666666666667,Not at all,Not at all,Several of the days,1.3333333333333333
13885501245,13885503879,Strongly disagree,Nearly every day,Agree,Agree,Slightly agree,Slightly agree,Slightly agree,Slightly agree,0,100,83,100,100,100,100,65,28,100,54,60,90,80,100,67,8,6,23,57,3,0,0,11,Not at all,Not at all,Not at all,Not at all,Several of the days,Several of the days,Several of the days,Several of the days,Not at all,Not at all,Not at all,Not at all,Not at all,Strongly agree,Strongly agree,Strongly agree,3,3,3,4,3,43,Woman,-99,Yes,No,Yes,Yes,Yes,Yes,Yes,Pass,Pass,0,6,Some financial stress,Woman,5.333333333333333,81,60.5,84.25,23.5,3.5,3.2,7,Not at all,Several of the days,0.3333333333333333,Not at all
13885504735,13885505095,Strongly disagree,Nearly every day,Neither agree nor disagree,Neither agree nor disagree,Neither agree nor disagree,Neither agree nor disagree,Neither agree nor disagree,Neither agree nor disagree,0,0,0,20,0,20,0,0,0,0,0,0,100,0,100,0,0,0,0,0,0,53,0,0,Over half the days,Over half the days,Over half the days,Several of the days,Not at all,Not at all,Not at all,Over half the days,Over half the days,Over half the days,Not at all,Not at all,Not at all,Somewhat disagree,Somewhat agree,Neither agree nor disagree,4,4,4,4,4,45,Man,-99,Yes,Yes,Yes,Yes,No,Yes,Yes,Pass,Pass,0,6,Some financial stress,Man,Neither agree nor disagree,5,0,50,0,13.25,4,4,1.75,Not at all,Over half the days,Not at all
13885503441,13885503766,Strongly disagree,Nearly every day,Slightly agree,Slightly agree,Agree,Agree,Slightly agree,Slightly agree,33,39,45,62,51,100,43,16,37,63,36,62,75,79,76,79,35,26,27,35,74,66,31,50,Several of the days,Several of the days,Several of the days,Several of the days,Over half the days,Over half the days,Over half the days,Over half the days,Over half the days,Over half the days,Several of the days,Several of the days,Over half the days,Agree,Strongly agree,Strongly agree,3,3,3,3,3,31,Man,-99,No,No,Yes,Yes,No,Yes,No,Pass,Pass,0,3,Some financial stress,Man,5.333333333333333,48.625,49.5,77.25,30.75,55.25,3,6.666666666666667,Several of the days,Over half the days,Over half the days,1.3333333333333333
13885504164,13885504394,Strongly disagree,Nearly every day,Disagree,Strongly disagree,Strongly disagree,Strongly disagree,Strongly disagree,Strongly disagree,0,0,0,82,84,90,0,100,0,0,0,0,100,81,100,100,0,90,0,84,60,50,0,0,Not at all,Not at all,Not at all,Not at all,Not at all,Not at all,Not at all,Not at all,Not at all,Not at all,Not at all,Not at all,Not at all,Strongly disagree,Strongly disagree,Strongly disagree,4,3,4,2,3,33,Man,-99,No,No,No,No,No,No,No,Pass,Pass,0,0,No financial stress,Man,1.1666666666666667,44.5,0,95.25,43.5,27.5,3.2,1,Not at all,Not at all,Not at all,Not at all
13885502838,13885503279,Strongly disagree,Nearly every day,Strongly agree,Strongly agree,Strongly agree,Strongly agree,Strongly agree,Slightly agree,0,0,0,100,100,100,100,100,100,100,100,100,100,100,100,100,0,0,0,100,50,50,100,100,Several of the days,Several of the days,Not at all,Several of the days,Several of the days,Several of the days,Several of the days,Not at all,Not at all,Not at all,Several of the days,Several of the days,Several of the days,Strongly agree,Strongly agree,Strongly agree,Very typical of me,Very typical of me,Very typical of me,Very typical of me,Very typical of me,18,Man,-99,No,No,Yes,No,No,Yes,No,Pass,Pass,0,2,Some financial stress,Man,6.666666666666667,62.5,100,100,25,75,5,7,0.75,Several of the days,Not at all,Several of the days
13885504740,13885505228,Strongly disagree,Nearly every day,Slightly agree,Slightly disagree,Slightly agree,Slightly agree,Slightly agree,Slightly agree,0,0,0,0,0,48,47,22,76,88,92,87,94,91,89,84,18,26,20,32,23,20,21,39,Several of the days,Several of the days,Several of the days,Several of the days,Several of the days,Several of the days,Several of the days,Not at all,Not at all,Not at all,Not at all,Not at all,Not at all,Neither agree nor disagree,Somewhat disagree,Somewhat agree,2,2,2,2,2,21,Man,-99,No,No,No,No,No,No,No,Pass,Pass,0,0,No financial stress,Man,4.666666666666667,14.625,85.75,89.5,24,25.75,2,4,Several of the days,Several of the days,Not at all,Not at all
13885416632,13885417099,Strongly disagree,Nearly every day,Disagree,Disagree,Disagree,Disagree,Disagree,Disagree,0,40,60,100,50,60,70,100,100,100,100,100,100,100,100,100,100,100,100,100,0,0,0,50,Several of the days,Several of the days,Several of the days,Several of the days,Several of the days,Several of the days,Several of the days,Several of the days,Several of the days,Not at all,Not at all,Not at all,Several of the days,Strongly agree,Strongly agree,Strongly agree,4,4,4,4,4,29,I prefer to self-describe:,Androgynous,Yes,Yes,Yes,No,Yes,No,Yes,Pass,Pass,0,5,Some financial stress,199,Disagree,60,100,100,100,12.5,4,7,Several of the days,Several of the days,0.6666666666666666,0.3333333333333333
13885416293,13885417041,Strongly disagree,Nearly every day,Slightly agree,Slightly agree,Slightly agree,Agree,Slightly agree,Agree,70,0,100,80,11,47,100,70,64,100,59,88,86,25,19,21,14,11,17,23,0,0,0,35,Over half the days,Several of the days,Several of the days,Several of the days,Over half the days,Over half the days,Over half the days,Not at all,Not at all,Not at all,Over half the days,Several of the days,Several of the days,Strongly agree,Strongly agree,Agree,3,4,4,4,3,22,Woman,-99,No,No,No,No,No,No,No,Pass,Pass,0,0,No financial stress,Woman,5.333333333333333,59.75,77.75,37.75,16.25,8.75,3.6,6.666666666666667,1.25,Over half the days,Not at all,1.3333333333333333
13885504237,13885504453,Strongly disagree,Nearly every day,Slightly disagree,Disagree,Slightly disagree,Slightly disagree,Disagree,Disagree,0,0,50,50,50,50,50,50,100,100,100,100,50,50,50,50,100,100,100,100,0,0,0,0,Several of the days,Several of the days,Several of the days,Not at all,Not at all,Not at all,Not at all,Several of the days,Not at all,Not at all,Not at all,Not at all,Not at all,Neither agree nor disagree,Agree,Agree,Very typical of me,Very typical of me,Very typical of me,Very typical of me,Very typical of me,24,Woman,-99,No,No,No,No,No,No,No,Pass,Pass,0,0,No financial stress,Woman,2.5,37.5,100,50,100,0,5,5.333333333333333,0.75,Not at all,0.3333333333333333,Not at all
13885504393,13885504781,Strongly disagree,Nearly every day,Agree,Agree,Agree,Agree,Agree,Agree,0,0,70,100,100,0,0,20,80,80,80,80,100,50,100,50,20,10,20,80,2,2,5,60,Several of the days,Not at all,Not at all,Several of the days,Over half the days,Over half the days,Over half the days,Not at all,Not at all,Not at all,Several of the days,Several of the days,Several of the days,Strongly agree,Agree,Strongly agree,3,Not at all typical of me,3,2,4,48,Man,-99,No,No,No,No,No,Yes,No,Pass,Pass,0,1,Some financial stress,Man,Agree,36.25,80,75,32.5,17.25,2.6,6.666666666666667,0.5,Over half the days,Not at all,Several of the days
13885504234,13885505304,Strongly disagree,Nearly every day,Agree,Strongly agree,Strongly agree,Strongly agree,Strongly agree,Slightly agree,0,0,0,25,25,50,20,50,85,100,85,90,90,0,95,90,90,75,95,90,80,80,85,100,Several of the days,Several of the days,Several of the days,Not at all,Several of the days,Several of the days,Several of the days,Several of the days,Not at all,Not at all,Not at all,Not at all,Several of the days,Strongly agree,Strongly agree,Strongly agree,Very typical of me,Very typical of me,Very typical of me,4,Very typical of me,62,Woman,-99,No,No,No,No,No,Yes,No,Pass,Pass,0,1,Some financial stress,Woman,6.5,21.25,90,68.75,87.5,86.25,4.8,7,0.75,Several of the days,0.3333333333333333,0.3333333333333333
13885505030,13885507098,Strongly disagree,Nearly every day,Agree,Slightly agree,Slightly agree,Agree,Slightly agree,Neither agree nor disagree,0,0,0,0,0,0,0,0,40,20,25,0,20,0,0,0,15,0,0,0,85,70,60,40,Several of the days,Several of the days,Several of the days,Several of the days,Not at all,Not at all,Not at all,Several of the days,Several of the days,Several of the days,Not at all,Not at all,Not at all,Neither agree nor disagree,Neither agree nor disagree,Agree,3,3,3,4,3,20,I prefer to self-describe:,non binary,No,No,No,No,No,No,No,Pass,Pass,0,0,No financial stress,199,5.166666666666667,0,21.25,5,3.75,63.75,3.2,4.666666666666667,Several of the days,Not at all,Several of the days,Not at all
13885503786,13885505779,Strongly disagree,Nearly every day,Strongly agree,Agree,Agree,Agree,Agree,Agree,0,0,10,60,20,35,0,0,90,90,85,85,80,90,85,85,15,10,10,75,100,95,70,100,Several of the days,Not at all,Not at all,Not at all,Not at all,Not at all,Not at all,Not at all,Not at all,Not at all,Not at all,Not at all,Not at all,Somewhat agree,Neither agree nor disagree,Neither agree nor disagree,2,3,2,Not at all typical of me,Not at all typical of me,60,Man,-99,No,No,No,No,No,No,Yes,Pass,Pass,0,1,Some financial stress,Man,6.166666666666667,15.625,87.5,85,27.5,91.25,1.8,4.333333333333333,0.25,Not at all,Not at all,Not at all
13885504063,13885504606,Strongly disagree,Nearly every day,Agree,Agree,Slightly agree,Agree,Agree,Slightly agree,16,76,96,79,85,88,90,90,86,94,82,72,86,76,83,50,59,77,90,85,85,83,82,87,Over half the days,Over half the days,Over half the days,Over half the days,Several of the days,Several of the days,Several of the days,Several of the days,Over half the days,Several of the days,Several of the days,Several of the days,Several of the days,Strongly agree,Agree,Agree,4,2,4,4,4,24,Woman,-99,Yes,No,No,Yes,No,Yes,Yes,Pass,Pass,0,4,Some financial stress,Woman,5.666666666666667,77.5,83.5,73.75,77.75,84.25,3.6,6.333333333333333,Over half the days,Several of the days,1.3333333333333333,Several of the days
13885504412,13885505085,Strongly disagree,Nearly every day,Agree,Slightly agree,Slightly agree,Agree,Strongly agree,Agree,0,0,0,20,10,0,0,0,50,80,30,70,60,10,20,15,5,20,30,35,70,90,60,75,Not at all,Not at all,Not at all,Not at all,Not at all,Not at all,Not at all,Not at all,Not at all,Not at all,Several of the days,Several of the days,Several of the days,Agree,Agree,Strongly agree,Very typical of me,Very typical of me,4,4,Very typical of me,18,I prefer to self-describe:,Non-Binary,No,No,No,No,No,No,No,Pass,Pass,0,0,No financial stress,199,5.833333333333333,3.75,57.5,26.25,22.5,73.75,4.6,6.333333333333333,Not at all,Not at all,Not at all,Several of the days
13885504953,13885505392,Strongly disagree,Nearly every day,Disagree,Strongly disagree,Disagree,Disagree,Strongly disagree,Strongly disagree,0,0,0,24,0,0,0,0,20,100,50,80,70,0,80,0,0,0,30,0,0,0,0,15,Not at all,Not at all,Not at all,Not at all,Not at all,Not at all,Not at all,Not at all,Not at all,Not at all,Not at all,Not at all,Not at all,Strongly agree,Strongly agree,Strongly agree,4,4,4,Very typical of me,Very typical of me,34,I prefer to self-describe:,non-binary,No,No,No,No,No,No,No,Pass,Pass,0,0,No financial stress,199,1.5,3,62.5,37.5,7.5,3.75,4.4,7,Not at all,Not at all,Not at all,Not at all
13885505114,13885505601,Strongly disagree,Nearly every day,Agree,Slightly agree,Strongly agree,Strongly agree,Agree,Agree,40,50,100,100,75,100,100,100,30,60,30,60,90,35,35,35,15,10,20,15,35,10,10,90,Several of the days,Not at all,Not at all,Not at all,Not at all,Several of the days,Not at all,Not at all,Not at all,Not at all,Several of the days,Over half the days,Over half the days,Strongly agree,Somewhat agree,Strongly agree,Not at all typical of me,Not at all typical of me,2,Not at all typical of me,Not at all typical of me,29,Woman,-99,Yes,Yes,Yes,Yes,Yes,Yes,No,Pass,Pass,0,6,Some financial stress,Woman,6.166666666666667,83.125,45,48.75,15,36.25,1.2,6.333333333333333,0.25,0.3333333333333333,Not at all,1.6666666666666667
13885503457,13885503883,Strongly disagree,Nearly every day,Slightly agree,Slightly agree,Neither agree nor disagree,Slightly agree,Agree,Slightly agree,10,30,90,100,25,54,71,67,51,89,14,80,45,0,63,38,76,50,90,41,0,0,0,78,Not at all,Not at all,Not at all,Not at all,Several of the days,Not at all,Not at all,Nearly every day,Not at all,Several of the days,Not at all,Not at all,Several of the days,Agree,Agree,Agree,2,2,3,2,4,23,Man,-99,Yes,No,Yes,Yes,No,No,No,Pass,Pass,0,3,Some financial stress,Man,Slightly agree,55.875,58.5,36.5,64.25,19.5,2.6,6,Not at all,0.3333333333333333,1.3333333333333333,0.3333333333333333
13885504862,13885505674,Strongly disagree,Nearly every day,Slightly agree,Slightly agree,Agree,Agree,Slightly agree,Slightly agree,0,1,25,40,0,25,90,0,75,95,75,55,70,70,70,65,45,30,70,75,0,0,0,50,Over half the days,Nearly every day,Nearly every day,Several of the days,Not at all,Not at all,Not at all,Over half the days,Over half the days,Over half the days,Not at all,Not at all,Not at all,Neither agree nor disagree,Disagree,Somewhat agree,Very typical of me,Very typical of me,Very typical of me,Very typical of me,Very typical of me,33,Woman,-99,Yes,Yes,Yes,Yes,Yes,Yes,Yes,Pass,Pass,0,7,Some financial stress,Woman,5.333333333333333,22.625,75,68.75,55,12.5,5,3.6666666666666665,2.25,Not at all,Over half the days,Not at all
13885504952,13885505869,Strongly disagree,Nearly every day,Strongly agree,Strongly agree,Strongly agree,Strongly agree,Strongly agree,Strongly agree,40,27,70,97,89,81,87,91,37,65,35,21,3,3,3,27,19,0,15,31,26,58,11,59,Several of the days,Several of the days,Several of the days,Not at all,Several of the days,Several of the days,Not at all,Not at all,Several of the days,Not at all,Several of the days,Several of the days,Not at all,Neither agree nor disagree,Somewhat agree,Somewhat agree,4,Very typical of me,Very typical of me,Very typical of me,Very typical of me,27,Man,-99,No,No,Yes,No,No,No,No,Pass,Pass,0,1,Some financial stress,Man,Strongly agree,72.75,39.5,9,16.25,38.5,4.8,4.666666666666667,0.75,0.6666666666666666,0.3333333333333333,0.6666666666666666
13885503075,13885503527,Strongly disagree,Nearly every day,Slightly agree,Slightly disagree,Strongly disagree,Disagree,Neither agree nor disagree,Slightly disagree,0,0,0,0,0,0,0,0,60,60,60,50,20,10,0,15,25,0,10,10,0,0,0,5,Over half the days,Not at all,Not at all,Several of the days,Not at all,Not at all,Not at all,Nearly every day,Several of the days,Several of the days,Not at all,Not at all,Not at all,Strongly agree,Agree,Agree,Very typical of me,Very typical of me,Very typical of me,Very typical of me,Very typical of me,51,Man,-99,Yes,Yes,No,No,No,No,No,Pass,Pass,0,2,Some financial stress,Man,Slightly disagree,0,57.5,11.25,11.25,1.25,5,6.333333333333333,0.75,Not at all,1.6666666666666667,Not at all
13885502733,13885503075,Strongly disagree,Nearly every day,Slightly disagree,Slightly disagree,Neither agree nor disagree,Neither agree nor disagree,Slightly disagree,Slightly disagree,0,0,0,50,11,0,0,0,71,72,54,72,51,63,0,63,82,58,81,83,0,0,0,0,Several of the days,Several of the days,Several of the days,Not at all,Not at all,Not at all,Not at all,Nearly every day,Nearly every day,Not at all,Not at all,Not at all,Not at all,Somewhat disagree,Strongly disagree,Strongly disagree,2,2,2,2,3,41,Man,-99,No,No,No,No,No,No,No,Pass,Pass,0,0,No financial stress,Man,3.3333333333333335,7.625,67.25,44.25,76,0,2.2,1.6666666666666667,0.75,Not at all,Over half the days,Not at all
13885504186,13885504665,Strongly disagree,Nearly every day,Slightly agree,Slightly agree,Agree,Neither agree nor disagree,Slightly agree,Agree,0,0,18,8,0,7,0,0,0,0,0,0,0,0,0,0,0,0,0,0,100,100,100,100,Not at all,Not at all,Not at all,Not at all,Not at all,Not at all,Not at all,Not at all,Not at all,Not at all,Not at all,Not at all,Not at all,Disagree,Disagree,Disagree,Not at all typical of me,Not at all typical of me,2,Not at all typical of me,2,58,Woman,-99,No,No,No,No,No,No,No,Pass,Pass,0,0,No financial stress,Woman,5.166666666666667,4.125,0,0,0,100,1.4,2,Not at all,Not at all,Not at all,Not at all
13885500424,13885501007,Strongly disagree,Nearly every day,Neither agree nor disagree,Disagree,Disagree,Disagree,Disagree,Disagree,0,0,0,50,50,25,0,25,0,0,0,0,0,0,0,0,0,0,0,0,80,80,80,80,Not at all,Not at all,Not at all,Not at all,Not at all,Not at all,Not at all,Several of the days,Not at all,Not at all,Not at all,Not at all,Not at all,Disagree,Disagree,Disagree,Not at all typical of me,Not at all typical of me,Not at all typical of me,Not at all typical of me,Not at all typical of me,71,Man,-99,No,No,No,No,No,No,No,Pass,Pass,0,0,No financial stress,Man,2.3333333333333335,18.75,0,0,0,80,1,2,Not at all,Not at all,0.3333333333333333,Not at all
13885504580,13885504984,Strongly disagree,Nearly every day,Agree,Slightly agree,Slightly agree,Strongly agree,Slightly agree,Agree,0,0,42,81,18,58,1,0,55,60,62,60,77,65,75,75,36,4,23,25,3,8,8,51,Several of the days,Not at all,Several of the days,Several of the days,Over half the days,Over half the days,Several of the days,Not at all,Not at all,Not at all,Several of the days,Not at all,Several of the days,Strongly agree,Strongly agree,Strongly agree,4,4,Very typical of me,Very typical of me,Very typical of me,35,Man,-99,No,No,No,No,No,No,No,Pass,Pass,0,0,No financial stress,Man,5.666666666666667,25,59.25,73,22,17.5,4.6,7,0.75,1.6666666666666667,Not at all,0.6666666666666666
13885504961,13885505940,Strongly disagree,Nearly every day,Strongly agree,Agree,Agree,Strongly agree,Strongly agree,Agree,0,3,0,0,0,0,5,0,0,0,0,10,0,0,0,0,3,3,5,2,62,56,45,70,Several of the days,Several of the days,Several of the days,Several of the days,Several of the days,Not at all,Not at all,Not at all,Not at all,Not at all,Not at all,Not at all,Not at all,Agree,Strongly agree,Strongly agree,Very typical of me,Very typical of me,Very typical of me,Very typical of me,Very typical of me,33,Man,-99,Yes,Yes,Yes,Yes,Yes,Yes,Yes,Pass,Pass,0,7,Some financial stress,Man,6.5,1,2.5,0,3.25,58.25,5,6.666666666666667,Several of the days,0.3333333333333333,Not at all,Not at all
13885504357,13885504966,Strongly disagree,Nearly every day,Slightly disagree,Slightly disagree,Slightly disagree,Slightly disagree,Disagree,Disagree,0,0,10,49,0,0,0,12,27,53,27,54,53,75,53,45,55,3,40,16,0,0,0,0,Several of the days,Several of the days,Several of the days,Several of the days,Several of the days,Several of the days,Several of the days,Not at all,Not at all,Not at all,Over half the days,Over half the days,Over half the days,Neither agree nor disagree,Strongly disagree,Strongly disagree,Very typical of me,Very typical of me,Very typical of me,Very typical of me,Very typical of me,43,Woman,-99,Yes,Yes,Yes,No,No,Yes,No,Pass,Pass,0,4,Some financial stress,Woman,2.6666666666666665,8.875,40.25,56.5,28.5,0,5,2,Several of the days,Several of the days,Not at all,Over half the days
13885503755,13885504163,Strongly disagree,Nearly every day,Strongly disagree,Strongly disagree,Strongly disagree,Strongly disagree,Strongly disagree,Strongly disagree,0,0,0,0,0,0,0,0,0,0,0,0,0,0,0,0,0,0,0,0,98,100,100,0,Not at all,Not at all,Not at all,Not at all,Not at all,Not at all,Not at all,Not at all,Not at all,Not at all,Not at all,Not at all,Not at all,Strongly disagree,Strongly disagree,Strongly disagree,Not at all typical of me,Not at all typical of me,Not at all typical of me,Not at all typical of me,Not at all typical of me,37,Man,-99,No,No,No,No,No,No,No,Pass,Pass,0,0,No financial stress,Man,Strongly disagree,0,0,0,0,74.5,1,1,Not at all,Not at all,Not at all,Not at all
13885504165,13885504616,Strongly disagree,Nearly every day,Slightly agree,Slightly agree,Agree,Agree,Slightly agree,Slightly agree,0,0,50,80,10,10,0,70,80,100,70,100,100,80,60,80,90,40,60,90,0,0,0,30,Several of the days,Not at all,Several of the days,Several of the days,Not at all,Not at all,Not at all,Over half the days,Over half the days,Over half the days,Several of the days,Several of the days,Several of the days,Agree,Strongly agree,Strongly agree,Very typical of me,Very typical of me,4,3,Very typical of me,27,I prefer to self-describe:,Non-binary,No,No,Yes,No,No,Yes,No,Pass,Pass,0,2,Some financial stress,199,5.333333333333333,27.5,87.5,80,70,7.5,4.4,6.666666666666667,0.75,Not at all,Over half the days,Several of the days
13885502357,13885502772,Strongly disagree,Nearly every day,Agree,Slightly agree,Agree,Slightly agree,Slightly agree,Agree,0,52,0,0,0,0,50,0,19,18,0,0,0,0,0,0,0,0,18,0,37,37,0,1,Not at all,Not at all,Several of the days,Not at all,Not at all,Not at all,Not at all,Over half the days,Nearly every day,Several of the days,Not at all,Not at all,Not at all,Neither agree nor disagree,Neither agree nor disagree,Neither agree nor disagree,Not at all typical of me,2,Not at all typical of me,2,Not at all typical of me,46,Woman,-99,No,No,No,No,No,No,No,Pass,Pass,0,0,No financial stress,Woman,5.5,12.75,9.25,0,4.5,18.75,1.4,4,0.25,Not at all,Over half the days,Not at all
13885416423,13885416720,Strongly disagree,Nearly every day,Slightly agree,Slightly agree,Slightly agree,Slightly agree,Slightly agree,Slightly agree,0,0,7,71,71,0,55,54,100,100,100,100,100,100,100,100,100,100,100,100,0,0,0,38,Over half the days,Over half the days,Over half the days,Over half the days,Over half the days,Several of the days,Over half the days,Several of the days,Not at all,Not at all,Several of the days,Several of the days,Nearly every day,Strongly agree,Strongly agree,Strongly agree,Very typical of me,Very typical of me,Very typical of me,Very typical of me,Very typical of me,20,I prefer to self-describe:,nonbinary,No,No,No,No,No,No,No,Pass,Pass,0,0,No financial stress,199,Slightly agree,32.25,100,100,100,9.5,5,7,Over half the days,1.6666666666666667,0.3333333333333333,1.6666666666666667
13885503151,13885503958,Strongly disagree,Nearly every day,Agree,Agree,Slightly agree,Agree,Strongly agree,Strongly agree,1,0,75,50,20,100,100,20,100,100,100,100,100,60,50,100,0,0,25,77,20,50,100,100,Several of the days,Over half the days,Several of the days,Over half the days,Several of the days,Several of the days,Not at all,Not at all,Several of the days,Not at all,Over half the days,Several of the days,Several of the days,Somewhat agree,Somewhat agree,Somewhat agree,Very typical of me,3,Very typical of me,4,Very typical of me,20,Woman,-99,No,No,Yes,Yes,No,Yes,Yes,Pass,Pass,0,4,Some financial stress,Woman,6.166666666666667,45.75,100,77.5,25.5,67.5,4.4,5,1.5,0.6666666666666666,0.3333333333333333,1.3333333333333333
13885503484,13885503937,Strongly disagree,Nearly every day,Agree,Agree,Strongly agree,Strongly agree,Agree,Agree,0,0,0,80,20,10,10,0,55,82,49,81,57,48,64,44,88,78,92,69,11,16,13,36,Several of the days,Several of the days,Several of the days,Several of the days,Not at all,Not at all,Not at all,Not at all,Not at all,Not at all,Several of the days,Several of the days,Several of the days,Somewhat agree,Agree,Strongly agree,Very typical of me,Very typical of me,Very typical of me,Very typical of me,Very typical of me,21,Man,-99,No,No,No,Yes,No,Yes,No,Pass,Pass,0,2,Some financial stress,Man,6.333333333333333,15,66.75,53.25,81.75,19,5,6,Several of the days,Not at all,Not at all,Several of the days
13885504930,13885505362,Strongly disagree,Nearly every day,Agree,Agree,Agree,Agree,Strongly agree,Strongly agree,0,0,0,0,0,0,0,0,0,0,0,0,0,0,0,0,0,0,5,0,100,100,100,100,Not at all,Not at all,Not at all,Not at all,Not at all,Not at all,Not at all,Not at all,Not at all,Not at all,Not at all,Not at all,Not at all,Strongly disagree,Strongly disagree,Somewhat disagree,Not at all typical of me,Not at all typical of me,Not at all typical of me,Not at all typical of me,2,38,Man,-99,No,No,No,No,No,No,No,Pass,Pass,0,0,No financial stress,Man,6.333333333333333,0,0,0,1.25,100,1.2,1.6666666666666667,Not at all,Not at all,Not at all,Not at all
13885504928,13885505280,Strongly disagree,Nearly every day,Neither agree nor disagree,Slightly agree,Disagree,Neither agree nor disagree,Neither agree nor disagree,Neither agree nor disagree,0,0,100,100,100,55,0,84,82,100,100,100,100,83,90,89,90,79,95,63,15,10,12,14,Several of the days,Not at all,Not at all,Not at all,Several of the days,Several of the days,Several of the days,Not at all,Not at all,Not at all,Not at all,Not at all,Not at all,Strongly agree,Strongly agree,Strongly agree,Very typical of me,Very typical of me,Very typical of me,Very typical of me,Very typical of me,37,Man,-99,No,No,No,No,No,No,No,Pass,Pass,0,0,No financial stress,Man,3.8333333333333335,54.875,95.5,90.5,81.75,12.75,5,7,0.25,Several of the days,Not at all,Not at all
13885416881,13885417370,Strongly disagree,Nearly every day,Agree,Slightly agree,Strongly agree,Agree,Agree,Agree,50,67,100,100,75,51,0,80,50,69,69,73,90,83,95,83,20,29,100,82,53,68,35,86,Not at all,Not at all,Not at all,Not at all,Several of the days,Several of the days,Several of the days,Over half the days,Not at all,Not at all,Over half the days,Over half the days,Over half the days,Somewhat agree,Neither agree nor disagree,Neither agree nor disagree,2,2,2,2,2,45,Man,-99,Yes,Yes,No,Yes,No,No,Yes,Pass,Pass,0,4,Some financial stress,Man,Agree,65.375,65.25,87.75,57.75,60.5,2,4.333333333333333,Not at all,Several of the days,0.6666666666666666,Over half the days
13885504529,13885504904,Strongly disagree,Nearly every day,Disagree,Disagree,Disagree,Slightly disagree,Disagree,Disagree,0,0,0,8,2,3,3,4,95,100,100,100,100,100,100,100,97,96,33,91,13,5,3,3,Several of the days,Several of the days,Over half the days,Several of the days,Over half the days,Several of the days,Several of the days,Several of the days,Not at all,Not at all,Several of the days,Several of the days,Several of the days,Strongly agree,Strongly agree,Strongly agree,Very typical of me,Very typical of me,Very typical of me,Very typical of me,4,39,Man,-99,No,No,Yes,No,No,Yes,No,Pass,Pass,0,2,Some financial stress,Man,2.1666666666666665,2.5,98.75,100,79.25,6,4.8,7,1.25,1.3333333333333333,0.3333333333333333,Several of the days
13885504322,13885504930,Strongly disagree,Nearly every day,Disagree,Strongly disagree,Strongly disagree,Disagree,Strongly disagree,Strongly disagree,0,0,0,18,0,0,0,0,0,0,0,0,0,0,0,0,0,0,0,0,82,83,71,80,Not at all,Not at all,Not at all,Not at all,Not at all,Not at all,Not at all,Not at all,Not at all,Not at all,Not at all,Not at all,Not at all,Strongly disagree,Strongly disagree,Strongly disagree,2,2,Not at all typical of me,Not at all typical of me,2,37,Man,-99,No,No,No,No,No,No,No,Pass,Pass,0,0,No financial stress,Man,1.3333333333333333,2.25,0,0,0,79,1.6,1,Not at all,Not at all,Not at all,Not at all
13885504068,13885504469,Strongly disagree,Nearly every day,Slightly agree,Slightly agree,Slightly agree,Slightly agree,Slightly agree,Slightly agree,0,0,0,14,0,13,0,0,84,81,88,83,73,70,72,75,75,67,66,79,91,91,87,85,Several of the days,Several of the days,Several of the days,Several of the days,Several of the days,Several of the days,Several of the days,Several of the days,Several of the days,Several of the days,Several of the days,Several of the days,Several of the days,Agree,Agree,Agree,4,3,3,4,3,57,Woman,-99,No,No,Yes,No,No,Yes,Yes,Pass,Pass,0,3,Some financial stress,Woman,Slightly agree,3.375,84,72.5,71.75,88.5,3.4,6,Several of the days,Several of the days,Several of the days,Several of the days
13885504580,13885504959,Strongly disagree,Nearly every day,Slightly agree,Slightly agree,Slightly agree,Agree,Slightly agree,Slightly agree,0,0,3,17,24,36,19,17,63,73,56,67,56,57,54,59,40,27,40,61,0,0,0,28,Over half the days,Over half the days,Over half the days,Over half the days,Over half the days,Over half the days,Over half the days,Over half the days,Over half the days,Over half the days,Several of the days,Several of the days,Several of the days,Somewhat agree,Somewhat agree,Somewhat agree,4,3,4,4,4,37,Woman,-99,Yes,Yes,Yes,Yes,No,Yes,No,Pass,Pass,0,5,Some financial stress,Woman,5.166666666666667,14.5,64.75,56.5,42,7,3.8,5,Over half the days,Over half the days,Over half the days,Several of the days
13885501628,13885502250,Strongly disagree,Nearly every day,Slightly agree,Neither agree nor disagree,Slightly agree,Slightly agree,Slightly agree,Slightly agree,33,0,29,43,11,2,77,65,11,18,11,18,88,88,88,88,34,11,47,92,0,0,0,29,Several of the days,Not at all,Not at all,Not at all,Several of the days,Several of the days,Several of the days,Not at all,Several of the days,Several of the days,Several of the days,Several of the days,Several of the days,Strongly agree,Strongly agree,Agree,2,2,4,2,2,28,Woman,-99,Yes,No,Yes,Yes,No,No,No,Pass,Pass,0,3,Some financial stress,Woman,4.833333333333333,32.5,14.5,88,46,7.25,2.4,6.666666666666667,0.25,Several of the days,0.6666666666666666,Several of the days
13885506039,13885507175,Strongly disagree,Nearly every day,Strongly agree,Slightly agree,Slightly agree,Agree,Agree,Slightly agree,0,55,0,53,0,50,100,50,57,94,70,66,59,3,14,8,57,17,44,46,11,10,13,42,Over half the days,Over half the days,Over half the days,Over half the days,Over half the days,Over half the days,Over half the days,Not at all,Over half the days,Not at all,Nearly every day,Over half the days,Over half the days,Somewhat agree,Somewhat agree,Somewhat agree,Very typical of me,Very typical of me,Very typical of me,Very typical of me,Very typical of me,21,Woman,-99,No,No,Yes,Yes,Yes,Yes,Yes,Pass,Pass,0,5,Some financial stress,Woman,5.666666666666667,38.5,71.75,21,41,19,5,5,Over half the days,Over half the days,0.6666666666666666,2.3333333333333335
13885504230,13885504562,Strongly disagree,Nearly every day,Slightly agree,Slightly disagree,Slightly disagree,Agree,Slightly agree,Slightly agree,0,0,47,70,32,19,54,24,26,58,40,35,72,38,57,26,16,13,22,37,6,10,8,13,Nearly every day,Over half the days,Over half the days,Several of the days,Several of the days,Not at all,Several of the days,Nearly every day,Over half the days,Over half the days,Not at all,Several of the days,Not at all,Somewhat disagree,Somewhat disagree,Somewhat agree,Very typical of me,Very typical of me,Very typical of me,Very typical of me,Very typical of me,22,Woman,-99,No,No,Yes,Yes,No,Yes,Yes,Pass,Pass,0,4,Some financial stress,Woman,4.5,30.75,39.75,48.25,22,9.25,5,3.6666666666666665,Over half the days,0.6666666666666666,2.3333333333333335,0.3333333333333333
13885501004,13885501362,Strongly disagree,Nearly every day,Neither agree nor disagree,Neither agree nor disagree,Slightly agree,Neither agree nor disagree,Slightly agree,Neither agree nor disagree,0,0,0,0,0,0,12,0,62,69,53,22,100,2,2,0,42,23,1,49,22,32,15,63,Over half the days,Over half the days,Several of the days,Nearly every day,Over half the days,Over half the days,Several of the days,Over half the days,Not at all,Nearly every day,Over half the days,Several of the days,Several of the days,Neither agree nor disagree,Somewhat agree,Somewhat agree,3,3,3,2,2,19,Man,-99,No,No,No,No,No,Yes,No,Pass,Pass,0,1,Some financial stress,Man,4.333333333333333,1.5,51.5,26,28.75,33,2.6,4.666666666666667,Over half the days,1.6666666666666667,1.6666666666666667,1.3333333333333333
13885504041,13885504487,Strongly disagree,Nearly every day,Slightly agree,Disagree,Slightly agree,Strongly agree,Slightly disagree,Strongly disagree,0,0,19,75,5,55,0,55,65,90,65,100,55,5,5,5,0,0,15,5,40,40,60,80,Not at all,Not at all,Not at all,Not at all,Not at all,Not at all,Not at all,Not at all,Not at all,Not at all,Not at all,Not at all,Not at all,Somewhat agree,Strongly agree,Strongly agree,Not at all typical of me,Not at all typical of me,Not at all typical of me,2,Not at all typical of me,41,Man,-99,No,No,No,No,No,No,No,Pass,Pass,0,0,No financial stress,Man,3.8333333333333335,26.125,80,17.5,5,55,1.2,6.333333333333333,Not at all,Not at all,Not at all,Not at all
13885501807,13885502178,Strongly disagree,Nearly every day,Slightly disagree,Slightly agree,Agree,Slightly agree,Slightly agree,Slightly agree,0,0,0,100,0,0,0,0,80,100,80,90,95,95,95,95,100,50,100,80,60,30,20,50,Not at all,Not at all,Several of the days,Not at all,Several of the days,Not at all,Not at all,Several of the days,Not at all,Not at all,Several of the days,Several of the days,Over half the days,Strongly agree,Strongly agree,Strongly agree,3,4,3,Very typical of me,3,68,Man,-99,No,No,No,No,No,No,No,Pass,Pass,0,0,No financial stress,Man,4.833333333333333,12.5,87.5,95,82.5,40,3.6,7,0.25,0.3333333333333333,0.3333333333333333,1.3333333333333333
13885504305,13885504726,Strongly disagree,Nearly every day,Strongly agree,Strongly agree,Strongly agree,Strongly agree,Strongly agree,Strongly agree,0,20,20,100,0,0,100,0,90,100,90,40,100,100,100,100,0,0,75,50,30,30,30,100,Not at all,Not at all,Not at all,Not at all,Not at all,Not at all,Not at all,Not at all,Not at all,Not at all,Not at all,Not at all,Not at all,Strongly agree,Strongly agree,Strongly agree,Not at all typical of me,Not at all typical of me,Not at all typical of me,Not at all typical of me,Not at all typical of me,59,Woman,-99,No,No,No,No,No,No,No,Pass,Pass,0,0,No financial stress,Woman,Strongly agree,30,80,100,31.25,47.5,1,7,Not at all,Not at all,Not at all,Not at all
13885502326,13885502782,Strongly disagree,Nearly every day,Agree,Slightly agree,Agree,Agree,Slightly disagree,Disagree,0,5,60,63,20,83,10,68,100,100,100,100,100,100,100,100,100,100,100,100,20,25,10,30,Several of the days,Several of the days,Several of the days,Several of the days,Several of the days,Several of the days,Several of the days,Over half the days,Over half the days,Nearly every day,Several of the days,Several of the days,Several of the days,Strongly agree,Strongly agree,Strongly agree,Very typical of me,Very typical of me,Very typical of me,Very typical of me,Very typical of me,25,Woman,-99,No,No,Yes,No,No,Yes,No,Pass,Pass,0,2,Some financial stress,Woman,4.666666666666667,38.625,100,100,100,21.25,5,7,Several of the days,Several of the days,2.3333333333333335,Several of the days
13885501426,13885501921,Strongly disagree,Nearly every day,Strongly agree,Slightly agree,Agree,Agree,Agree,Agree,21,32,66,88,27,45,87,66,74,100,41,100,100,32,100,28,41,22,54,88,3,4,14,60,Not at all,Several of the days,Several of the days,Not at all,Over half the days,Over half the days,Several of the days,Not at all,Several of the days,Not at all,Several of the days,Not at all,Several of the days,Strongly agree,Strongly agree,Agree,Very typical of me,Very typical of me,Very typical of me,Very typical of me,Very typical of me,36,Man,-99,No,No,No,No,No,No,No,Pass,Pass,0,0,No financial stress,Man,Agree,54,78.75,65,51.25,20.25,5,6.666666666666667,0.5,1.6666666666666667,0.3333333333333333,0.6666666666666666
13885500252,13885500885,Strongly disagree,Nearly every day,Neither agree nor disagree,Disagree,Agree,Strongly agree,Slightly agree,Slightly agree,0,0,10,75,25,33,0,0,100,100,100,100,75,60,50,70,100,100,45,30,10,0,66,45,Several of the days,Not at all,Not at all,Several of the days,Not at all,Not at all,Not at all,Not at all,Not at all,Not at all,Over half the days,Over half the days,Several of the days,Strongly agree,Strongly agree,Agree,Very typical of me,Very typical of me,Very typical of me,4,Very typical of me,18,Man,-99,No,No,No,No,No,No,No,Pass,Pass,0,0,No financial stress,Man,4.833333333333333,17.875,100,63.75,68.75,30.25,4.8,6.666666666666667,0.5,Not at all,Not at all,1.6666666666666667
13885505214,13885505630,Strongly disagree,Nearly every day,Slightly agree,Slightly disagree,Slightly agree,Slightly agree,Slightly disagree,Disagree,50,0,0,100,25,25,75,20,100,100,100,100,100,100,100,100,90,50,100,100,10,10,10,100,Over half the days,Several of the days,Several of the days,Several of the days,Not at all,Not at all,Not at all,Nearly every day,Several of the days,Several of the days,Not at all,Not at all,Several of the days,Agree,Agree,Agree,2,2,2,2,2,55,Woman,-99,No,No,No,No,No,No,No,Pass,Pass,0,0,No financial stress,Woman,3.8333333333333335,36.875,100,100,85,32.5,2,6,1.25,Not at all,1.6666666666666667,0.3333333333333333
13885503055,13885503880,Strongly disagree,Nearly every day,Agree,Slightly agree,Disagree,Disagree,Strongly disagree,Strongly disagree,0,0,0,100,80,30,5,0,0,0,0,0,0,0,15,0,0,0,0,0,0,0,0,5,Not at all,Not at all,Not at all,Not at all,Not at all,Not at all,Not at all,Several of the days,Several of the days,Nearly every day,Not at all,Not at all,Not at all,Neither agree nor disagree,Agree,Agree,Not at all typical of me,Not at all typical of me,Not at all typical of me,Not at all typical of me,Not at all typical of me,25,Man,-99,No,No,No,No,No,No,No,Pass,Pass,0,0,No financial stress,Man,2.8333333333333335,26.875,0,3.75,0,1.25,1,5.333333333333333,Not at all,Not at all,1.6666666666666667,Not at all
13885415865,13885416255,Strongly disagree,Nearly every day,Strongly agree,Agree,Strongly agree,Strongly agree,Slightly agree,Slightly agree,1,1,50,50,6,50,5,9,60,60,60,75,90,60,60,50,75,64,77,76,7,8,9,54,Several of the days,Several of the days,Several of the days,Not at all,Not at all,Not at all,Not at all,Over half the days,Over half the days,Over half the days,Several of the days,Several of the days,Several of the days,Strongly agree,Strongly agree,Strongly agree,Very typical of me,Very typical of me,Very typical of me,Very typical of me,4,33,Woman,-99,No,No,No,No,No,No,No,Pass,Pass,0,0,No financial stress,Woman,6.166666666666667,21.5,63.75,65,73,19.5,4.8,7,0.75,Not at all,Over half the days,Several of the days
13885504507,13885504992,Strongly disagree,Nearly every day,Slightly agree,Slightly agree,Slightly agree,Slightly agree,Slightly agree,Slightly agree,86,0,0,51,0,48,66,0,36,100,31,51,100,100,49,100,73,52,79,80,0,0,0,100,Several of the days,Not at all,Several of the days,Not at all,Not at all,Not at all,Not at all,Nearly every day,Several of the days,Several of the days,Not at all,Not at all,Over half the days,Neither agree nor disagree,Agree,Strongly agree,Very typical of me,Very typical of me,Very typical of me,Very typical of me,Very typical of me,55,Woman,-99,No,No,Yes,Yes,No,No,Yes,Pass,Pass,0,3,Some financial stress,Woman,Slightly agree,31.375,54.5,87.25,71,25,5,5.666666666666667,0.5,Not at all,1.6666666666666667,0.6666666666666666
13885504873,13885505134,Strongly disagree,Nearly every day,Agree,Slightly agree,Strongly agree,Strongly agree,Agree,Agree,5,0,50,100,100,50,85,100,100,100,100,100,100,100,100,100,100,80,100,100,0,0,0,0,Over half the days,Several of the days,Several of the days,Over half the days,Several of the days,Several of the days,Several of the days,Not at all,Several of the days,Not at all,Several of the days,Over half the days,Over half the days,Strongly agree,Strongly agree,Strongly agree,4,4,4,4,4,21,I prefer to self-describe:,Nonbinary,No,No,No,No,No,No,No,Pass,Pass,0,0,No financial stress,199,6.166666666666667,61.25,100,100,95,0,4,7,1.5,Several of the days,0.3333333333333333,1.6666666666666667
13885416028,13885417032,Strongly disagree,Nearly every day,Agree,Agree,Strongly agree,Strongly agree,Strongly agree,Strongly agree,1,1,1,75,50,50,1,50,10,30,5,1,1,1,1,1,1,1,1,1,100,100,100,100,Not at all,Not at all,Not at all,Not at all,Not at all,Not at all,Not at all,Not at all,Not at all,Not at all,Not at all,Not at all,Not at all,Agree,Agree,Strongly agree,3,3,3,2,3,37,Man,-99,No,No,No,No,No,No,No,Pass,Pass,0,0,No financial stress,Man,6.666666666666667,28.625,11.5,1,1,100,2.8,6.333333333333333,Not at all,Not at all,Not at all,Not at all
13885501969,13885502267,Strongly disagree,Nearly every day,Strongly agree,Agree,Agree,Agree,Agree,Strongly agree,0,0,0,56,0,0,5,9,63,87,58,53,31,12,87,10,0,95,54,23,10,26,17,18,Several of the days,Several of the days,Over half the days,Nearly every day,Over half the days,Over half the days,Over half the days,Several of the days,Not at all,Several of the days,Several of the days,Several of the days,Over half the days,Strongly agree,Agree,Neither agree nor disagree,4,4,3,4,3,27,Woman,-99,No,No,No,No,No,No,No,Pass,Pass,0,0,No financial stress,Woman,6.333333333333333,8.75,65.25,35,43,17.75,3.6,5.666666666666667,1.75,Over half the days,0.6666666666666666,1.3333333333333333
13885504932,13885505349,Strongly disagree,Nearly every day,Agree,Agree,Agree,Strongly agree,Strongly agree,Strongly agree,20,10,85,95,60,50,44,20,97,100,96,100,100,90,89,83,98,94,97,97,0,0,0,7,Several of the days,Not at all,Several of the days,Not at all,Not at all,Not at all,Not at all,Not at all,Not at all,Not at all,Not at all,Not at all,Not at all,Strongly agree,Strongly agree,Strongly agree,4,Very typical of me,Very typical of me,Very typical of me,Very typical of me,21,Woman,-99,No,No,No,No,No,No,Yes,Pass,Pass,0,1,Some financial stress,Woman,6.5,48,98.25,90.5,96.5,1.75,4.8,7,0.5,Not at all,Not at all,Not at all
13885504990,13885505463,Strongly disagree,Nearly every day,Slightly agree,Slightly agree,Agree,Agree,Neither agree nor disagree,Slightly disagree,0,10,80,80,0,10,50,75,90,90,90,95,90,70,50,75,100,80,95,95,0,0,0,55,Nearly every day,Over half the days,Several of the days,Several of the days,Several of the days,Several of the days,Several of the days,Nearly every day,Not at all,Several of the days,Not at all,Not at all,Several of the days,Strongly agree,Strongly agree,Strongly agree,Very typical of me,Very typical of me,4,Very typical of me,Very typical of me,27,I prefer to self-describe:,non-binary,No,No,Yes,Yes,No,Yes,No,Pass,Pass,0,3,Some financial stress,199,4.833333333333333,38.125,91.25,71.25,92.5,13.75,4.8,7,1.75,Several of the days,1.3333333333333333,0.3333333333333333
13885504483,13885504821,Strongly disagree,Nearly every day,Agree,Slightly agree,Agree,Agree,Slightly agree,Agree,0,0,91,90,50,94,93,90,72,72,72,86,87,42,43,43,43,11,45,46,54,53,54,82,Several of the days,Several of the days,Several of the days,Several of the days,Several of the days,Several of the days,Several of the days,Several of the days,Over half the days,Over half the days,Several of the days,Several of the days,Several of the days,Agree,Agree,Agree,3,3,3,3,3,57,Man,-99,No,No,No,No,No,No,No,Pass,Pass,0,0,No financial stress,Man,5.666666666666667,63.5,75.5,53.75,36.25,60.75,3,6,Several of the days,Several of the days,1.6666666666666667,Several of the days
13885501357,13885501680,Strongly disagree,Nearly every day,Slightly agree,Slightly agree,Agree,Agree,Slightly agree,Slightly disagree,0,0,0,0,0,0,0,0,100,100,100,100,100,100,100,100,100,100,100,100,0,0,0,0,Several of the days,Not at all,Several of the days,Several of the days,Several of the days,Not at all,Not at all,Several of the days,Not at all,Not at all,Several of the days,Not at all,Nearly every day,Strongly agree,Strongly agree,Strongly agree,4,2,Very typical of me,Not at all typical of me,3,34,Woman,-99,Yes,Yes,Yes,Yes,Yes,Yes,Yes,Pass,Pass,0,7,Some financial stress,Woman,Slightly agree,0,100,100,100,0,3,7,0.75,0.3333333333333333,0.3333333333333333,1.3333333333333333
13885504344,13885505030,Strongly disagree,Nearly every day,Strongly agree,Agree,Strongly agree,Strongly agree,Slightly agree,Strongly agree,0,1,0,0,0,0,5,0,0,0,0,0,0,0,0,0,1,1,1,1,46,66,0,74,Several of the days,Several of the days,Several of the days,Not at all,Not at all,Not at all,Not at all,Not at all,Not at all,Not at all,Several of the days,Several of the days,Several of the days,Agree,Strongly agree,Strongly agree,Very typical of me,Very typical of me,Very typical of me,Very typical of me,Very typical of me,35,Woman,-99,Yes,Yes,Yes,Yes,Yes,Yes,Yes,Pass,Pass,0,7,Some financial stress,Woman,6.5,0.75,0,0,1,46.5,5,6.666666666666667,0.75,Not at all,Not at all,Several of the days
13885504647,13885505661,Strongly disagree,Nearly every day,Agree,Agree,Slightly agree,Slightly agree,Slightly agree,Slightly disagree,0,0,100,100,0,100,100,100,100,100,100,16,100,64,63,63,62,0,56,62,23,23,21,75,Not at all,Not at all,Several of the days,Several of the days,Several of the days,Several of the days,Several of the days,Not at all,Not at all,Not at all,Not at all,Not at all,Not at all,Strongly agree,Strongly agree,Strongly agree,2,2,2,2,2,56,Woman,-99,Yes,No,No,No,No,Yes,Yes,Pass,Pass,0,3,Some financial stress,Woman,Slightly agree,62.5,79,72.5,45,35.5,2,7,0.5,Several of the days,Not at all,Not at all
13885504463,13885505036,Strongly disagree,Nearly every day,Slightly agree,Slightly agree,Slightly disagree,Slightly disagree,Neither agree nor disagree,Slightly disagree,0,18,81,94,7,0,0,94,92,95,92,97,100,53,55,54,100,14,100,51,0,0,0,54,Several of the days,Not at all,Several of the days,Several of the days,Not at all,Not at all,Not at all,Nearly every day,Not at all,Over half the days,Not at all,Not at all,Not at all,Strongly agree,Agree,Agree,3,3,3,4,4,60,Woman,-99,Yes,Yes,Yes,Yes,Yes,Yes,Yes,Pass,Pass,0,7,Some financial stress,Woman,3.8333333333333335,36.75,94,65.5,66.25,13.5,3.4,6.333333333333333,0.75,Not at all,1.6666666666666667,Not at all
13885502144,13885502499,Strongly disagree,Nearly every day,Slightly agree,Neither agree nor disagree,Neither agree nor disagree,Slightly agree,Slightly disagree,Slightly disagree,0,0,68,79,53,61,5,22,100,100,100,100,100,100,59,100,100,100,100,100,25,35,18,59,Over half the days,Over half the days,Over half the days,Over half the days,Nearly every day,Over half the days,Several of the days,Nearly every day,Over half the days,Over half the days,Over half the days,Over half the days,Over half the days,Strongly agree,Strongly agree,Strongly agree,4,4,Very typical of me,Very typical of me,4,24,Woman,-99,No,No,No,Yes,No,Yes,No,Pass,Pass,0,2,Some financial stress,Woman,Neither agree nor disagree,36,100,89.75,100,34.25,4.4,7,Over half the days,Over half the days,2.3333333333333335,Over half the days
13885501667,13885501905,Strongly disagree,Nearly every day,Agree,Slightly agree,Agree,Slightly agree,Neither agree nor disagree,Slightly agree,0,0,79,100,40,64,62,62,12,69,37,29,99,85,100,74,50,47,55,88,53,48,38,91,Not at all,Not at all,Not at all,Not at all,Not at all,Not at all,Not at all,Several of the days,Not at all,Not at all,Not at all,Not at all,Not at all,Agree,Neither agree nor disagree,Neither agree nor disagree,4,4,4,3,4,28,Woman,-99,No,No,No,No,No,No,No,Pass,Pass,0,0,No financial stress,Woman,5.166666666666667,50.875,36.75,89.5,60,57.5,3.8,4.666666666666667,Not at all,Not at all,0.3333333333333333,Not at all
13885504635,13885505415,Strongly disagree,Nearly every day,Disagree,Disagree,Neither agree nor disagree,Neither agree nor disagree,Disagree,Disagree,0,0,0,86,24,0,0,50,30,100,15,15,100,80,80,60,0,0,0,30,0,0,0,0,Not at all,Not at all,Not at all,Not at all,Not at all,Not at all,Not at all,Several of the days,Not at all,Not at all,Not at all,Not at all,Not at all,Strongly agree,Agree,Strongly agree,Not at all typical of me,Not at all typical of me,Not at all typical of me,Not at all typical of me,Not at all typical of me,53,Man,-99,No,No,No,No,No,No,No,Pass,Pass,0,0,No financial stress,Man,2.6666666666666665,20,40,80,7.5,0,1,6.666666666666667,Not at all,Not at all,0.3333333333333333,Not at all
13885504342,13885504846,Strongly disagree,Nearly every day,Agree,Slightly agree,Agree,Strongly agree,Strongly agree,Agree,0,0,0,45,20,10,15,30,30,60,30,55,15,5,5,25,40,0,40,20,30,30,20,30,Several of the days,Not at all,Not at all,Not at all,Several of the days,Several of the days,Several of the days,Over half the days,Not at all,Over half the days,Several of the days,Not at all,Several of the days,Somewhat agree,Strongly agree,Somewhat agree,2,2,3,Not at all typical of me,2,21,Man,-99,No,No,No,No,No,Yes,No,Pass,Pass,0,1,Some financial stress,Man,6.166666666666667,15,43.75,12.5,25,27.5,2,5.666666666666667,0.25,Several of the days,1.3333333333333333,0.6666666666666666
13885504608,13885505074,Strongly disagree,Nearly every day,Strongly agree,Agree,Strongly agree,Agree,Strongly agree,Agree,81,25,93,90,79,88,96,87,91,98,90,96,86,94,85,90,84,92,88,83,55,58,58,58,Several of the days,Several of the days,Several of the days,Over half the days,Several of the days,Several of the days,Over half the days,Several of the days,Over half the days,Several of the days,Several of the days,Over half the days,Several of the days,Somewhat disagree,Somewhat disagree,Somewhat disagree,2,2,2,2,2,41,Man,-99,No,No,No,No,No,No,No,Pass,Pass,0,0,No financial stress,Man,6.5,79.875,93.75,88.75,86.75,57.25,2,3,1.25,1.3333333333333333,1.3333333333333333,1.3333333333333333
13885503716,13885504088,Strongly disagree,Nearly every day,Slightly agree,Agree,Slightly disagree,Neither agree nor disagree,Neither agree nor disagree,Slightly disagree,0,0,40,100,38,40,60,100,100,100,100,100,100,100,80,90,95,60,100,100,40,30,40,70,Over half the days,Several of the days,Several of the days,Over half the days,Several of the days,Several of the days,Several of the days,Not at all,Not at all,Not at all,Over half the days,Over half the days,Over half the days,Strongly agree,Strongly agree,Strongly agree,4,4,Very typical of me,Very typical of me,Very typical of me,53,Woman,-99,No,No,No,Yes,No,Yes,No,Pass,Pass,0,2,Some financial stress,Woman,4.166666666666667,47.25,100,92.5,88.75,45,4.6,7,1.5,Several of the days,Not at all,Over half the days
13885502899,13885503584,Strongly disagree,Nearly every day,Slightly agree,Neither agree nor disagree,Slightly disagree,Slightly agree,Neither agree nor disagree,Neither agree nor disagree,0,15,0,40,0,0,0,0,25,45,20,30,90,65,85,70,10,0,5,30,0,0,0,0,Not at all,Not at all,Not at all,Not at all,Not at all,Not at all,Not at all,Not at all,Not at all,Not at all,Not at all,Not at all,Not at all,Strongly agree,Agree,Agree,Very typical of me,Very typical of me,Very typical of me,Very typical of me,Very typical of me,38,Woman,-99,No,No,No,No,No,Yes,No,Pass,Pass,0,1,Some financial stress,Woman,4.166666666666667,6.875,30,77.5,11.25,0,5,6.333333333333333,Not at all,Not at all,Not at all,Not at all
13885504026,13885505309,Strongly disagree,Nearly every day,Strongly agree,Agree,Agree,Agree,Agree,Agree,3,4,6,100,50,30,89,52,71,69,51,52,18,7,11,12,26,4,9,32,66,87,99,100,Several of the days,Not at all,Not at all,Not at all,Several of the days,Several of the days,Several of the days,Not at all,Not at all,Not at all,Several of the days,Several of the days,Over half the days,Neither agree nor disagree,Agree,Somewhat agree,2,2,3,2,4,34,Man,-99,No,No,Yes,No,Yes,No,Yes,Pass,Pass,0,3,Some financial stress,Man,6.166666666666667,41.75,60.75,12,17.75,88,2.6,5,0.25,Several of the days,Not at all,1.3333333333333333
13885504568,13885504922,Strongly disagree,Nearly every day,Strongly agree,Agree,Strongly agree,Strongly agree,Strongly agree,Agree,83,12,100,100,100,100,100,100,100,100,100,100,100,100,100,100,100,80,100,81,0,0,1,100,Several of the days,Several of the days,Over half the days,Several of the days,Several of the days,Several of the days,Several of the days,Not at all,Several of the days,Several of the days,Several of the days,Several of the days,Over half the days,Strongly agree,Strongly agree,Strongly agree,Very typical of me,Very typical of me,Very typical of me,Very typical of me,Very typical of me,49,Woman,-99,No,No,Yes,No,No,No,Yes,Pass,Pass,0,2,Some financial stress,Woman,6.666666666666667,86.875,100,100,90.25,25.25,5,7,1.25,Several of the days,0.6666666666666666,1.3333333333333333
13885501791,13885502338,Strongly disagree,Nearly every day,Agree,Agree,Agree,Strongly agree,Strongly agree,Strongly agree,40,50,100,80,60,50,25,65,90,90,80,75,85,90,90,90,50,0,60,60,60,55,55,50,Several of the days,Not at all,Not at all,Several of the days,Several of the days,Several of the days,Several of the days,Not at all,Not at all,Not at all,Several of the days,Several of the days,Several of the days,Strongly agree,Strongly agree,Agree,2,2,2,Not at all typical of me,2,68,Woman,-99,No,No,No,No,No,No,Yes,Pass,Pass,0,1,Some financial stress,Woman,6.5,58.75,83.75,88.75,42.5,55,1.8,6.666666666666667,0.5,Several of the days,Not at all,Several of the days
13885504598,13885505390,Strongly disagree,Nearly every day,Strongly agree,Strongly agree,Strongly agree,Strongly agree,Strongly agree,Agree,0,3,1,13,3,3,31,3,92,92,85,80,90,93,74,90,55,20,74,75,11,5,1,36,Several of the days,Several of the days,Several of the days,Several of the days,Several of the days,Several of the days,Several of the days,Not at all,Not at all,Not at all,Several of the days,Several of the days,Several of the days,Strongly agree,Strongly agree,Strongly agree,3,2,2,Not at all typical of me,2,39,Woman,-99,Yes,Yes,Yes,No,No,Yes,No,Pass,Pass,0,4,Some financial stress,Woman,6.833333333333333,7.125,87.25,86.75,56,13.25,2,7,Several of the days,Several of the days,Not at all,Several of the days
13885502821,13885503446,Strongly disagree,Nearly every day,Strongly agree,Agree,Agree,Strongly agree,Agree,Agree,2,1,100,100,40,77,37,100,50,51,52,54,89,99,72,84,100,56,98,95,7,8,7,85,Several of the days,Several of the days,Several of the days,Several of the days,Several of the days,Several of the days,Several of the days,Several of the days,Several of the days,Several of the days,Several of the days,Several of the days,Several of the days,Strongly agree,Strongly agree,Strongly agree,Very typical of me,Very typical of me,Very typical of me,Very typical of me,Very typical of me,35,Woman,-99,Yes,Yes,No,Yes,No,Yes,Yes,Pass,Pass,0,5,Some financial stress,Woman,6.333333333333333,57.125,51.75,86,87.25,26.75,5,7,Several of the days,Several of the days,Several of the days,Several of the days
13885416449,13885416838,Strongly disagree,Nearly every day,Neither agree nor disagree,Neither agree nor disagree,Neither agree nor disagree,Neither agree nor disagree,Neither agree nor disagree,Neither agree nor disagree,0,0,0,82,24,0,0,91,0,0,0,0,0,0,0,0,0,0,0,0,0,0,0,0,Not at all,Not at all,Not at all,Not at all,Not at all,Not at all,Not at all,Not at all,Not at all,Not at all,Not at all,Not at all,Not at all,Strongly disagree,Strongly disagree,Strongly disagree,Very typical of me,Very typical of me,Very typical of me,Very typical of me,Very typical of me,59,Man,-99,Yes,Yes,Yes,No,No,Yes,No,Pass,Pass,0,4,Some financial stress,Man,Neither agree nor disagree,24.625,0,0,0,0,5,1,Not at all,Not at all,Not at all,Not at all
13885504907,13885505691,Strongly disagree,Nearly every day,Agree,Agree,Strongly agree,Strongly agree,Strongly agree,Agree,0,0,0,36,14,100,51,75,100,100,100,100,100,100,100,100,15,0,39,100,0,0,0,47,Not at all,Not at all,Not at all,Not at all,Several of the days,Not at all,Not at all,Not at all,Not at all,Not at all,Not at all,Not at all,Not at all,Somewhat agree,Strongly agree,Strongly agree,2,2,2,2,2,43,Woman,-99,No,No,No,No,No,No,No,Pass,Pass,0,0,No financial stress,Woman,6.5,34.5,100,100,38.5,11.75,2,6.333333333333333,Not at all,0.3333333333333333,Not at all,Not at all
13885503464,13885503901,Strongly disagree,Nearly every day,Agree,Agree,Slightly agree,Strongly agree,Agree,Agree,0,0,10,30,50,20,0,0,100,100,100,100,100,20,25,4,42,0,60,66,50,50,56,62,Not at all,Several of the days,Several of the days,Several of the days,Not at all,Several of the days,Not at all,Not at all,Not at all,Not at all,Not at all,Not at all,Not at all,Strongly agree,Somewhat agree,Somewhat agree,3,4,2,2,3,30,Man,-99,No,No,No,No,No,Yes,Yes,Pass,Pass,0,2,Some financial stress,Man,Agree,13.75,100,37.25,42,54.5,2.8,5.666666666666667,0.75,0.3333333333333333,Not at all,Not at all
13885501276,13885501747,Strongly disagree,Nearly every day,Agree,Agree,Agree,Strongly agree,Agree,Strongly agree,5,4,4,86,23,21,61,85,81,83,86,11,100,63,60,60,0,0,49,46,6,8,6,61,Several of the days,Nearly every day,Several of the days,Several of the days,Not at all,Not at all,Not at all,Several of the days,Several of the days,Several of the days,Several of the days,Several of the days,Several of the days,Agree,Strongly agree,Agree,Very typical of me,Very typical of me,3,4,4,22,Woman,-99,No,No,Yes,No,No,No,Yes,Pass,Pass,0,2,Some financial stress,Woman,6.333333333333333,36.125,65.25,70.75,23.75,20.25,4.2,6.333333333333333,1.5,Not at all,Several of the days,Several of the days
13885504754,13885505208,Strongly disagree,Nearly every day,Strongly agree,Strongly agree,Slightly agree,Agree,Agree,Agree,0,0,100,100,90,80,90,50,10,20,5,15,30,40,40,30,5,5,5,5,80,80,60,50,Not at all,Not at all,Not at all,Not at all,Not at all,Not at all,Not at all,Not at all,Not at all,Not at all,Not at all,Not at all,Not at all,Strongly agree,Strongly agree,Strongly agree,Not at all typical of me,Not at all typical of me,Not at all typical of me,Not at all typical of me,Not at all typical of me,47,Man,-99,Yes,No,No,No,No,Yes,Yes,Pass,Pass,0,3,Some financial stress,Man,6.166666666666667,63.75,12.5,35,5,67.5,1,7,Not at all,Not at all,Not at all,Not at all
13885504789,13885505429,Strongly disagree,Nearly every day,Strongly agree,Slightly agree,Agree,Agree,Slightly agree,Slightly agree,0,0,100,100,81,0,50,52,8,48,6,7,71,18,5,0,0,0,15,15,0,0,0,35,Not at all,Not at all,Not at all,Not at all,Not at all,Not at all,Not at all,Nearly every day,Several of the days,Not at all,Not at all,Not at all,Not at all,Agree,Agree,Agree,Not at all typical of me,2,3,2,2,39,Man,-99,Yes,Yes,Yes,Yes,No,Yes,Yes,Pass,Pass,0,6,Some financial stress,Man,5.666666666666667,47.875,17.25,23.5,7.5,8.75,2,6,Not at all,Not at all,1.3333333333333333,Not at all
13885504424,13885504947,Strongly disagree,Nearly every day,Disagree,Disagree,Strongly disagree,Disagree,Disagree,Disagree,0,0,0,10,0,0,0,20,50,60,39,68,68,51,60,48,75,51,67,52,0,0,0,30,Several of the days,Several of the days,Over half the days,Several of the days,Several of the days,Several of the days,Several of the days,Nearly every day,Several of the days,Several of the days,Not at all,Not at all,Not at all,Strongly agree,Strongly agree,Strongly agree,4,4,4,4,3,37,Man,-99,No,No,No,No,No,No,No,Pass,Pass,0,0,No financial stress,Man,1.8333333333333333,3.75,54.25,56.75,61.25,7.5,3.8,7,1.25,Several of the days,1.6666666666666667,Not at all
13885416004,13885417127,Strongly disagree,Nearly every day,Agree,Agree,Agree,Agree,Agree,Agree,5,8,17,84,91,62,29,77,92,89,90,91,89,32,26,33,51,19,23,19,9,9,2,7,Several of the days,Not at all,Not at all,Not at all,Not at all,Not at all,Not at all,Not at all,Not at all,Not at all,Several of the days,Several of the days,Several of the days,Strongly agree,Agree,Agree,2,2,4,4,4,35,Man,-99,No,No,No,No,No,No,No,Pass,Pass,0,0,No financial stress,Man,Agree,46.625,90.5,45,28,6.75,3.2,6.333333333333333,0.25,Not at all,Not at all,Several of the days
13885507842,13885509930,Strongly disagree,Nearly every day,Strongly agree,Strongly agree,Strongly agree,Strongly agree,Strongly agree,Strongly agree,0,0,0,8,0,0,0,0,80,80,69,85,52,25,44,0,0,0,0,5,23,17,3,2,Not at all,Not at all,Not at all,Not at all,Not at all,Not at all,Not at all,Not at all,Not at all,Not at all,Not at all,Not at all,Not at all,Strongly agree,Strongly disagree,Strongly agree,4,4,Very typical of me,4,Very typical of me,37,Woman,-99,No,Yes,No,Yes,No,Yes,No,Pass,Pass,0,3,Some financial stress,Woman,Strongly agree,1,78.5,30.25,1.25,11.25,4.4,5,Not at all,Not at all,Not at all,Not at all
13885504318,13885504839,Strongly disagree,Nearly every day,Strongly disagree,Strongly disagree,Strongly disagree,Strongly disagree,Strongly disagree,Strongly disagree,0,0,0,100,100,0,0,100,0,0,0,0,0,0,0,0,0,0,0,0,0,0,0,0,Not at all,Not at all,Not at all,Not at all,Not at all,Not at all,Not at all,Not at all,Not at all,Not at all,Not at all,Not at all,Not at all,Strongly disagree,Strongly disagree,Strongly disagree,Not at all typical of me,Not at all typical of me,Not at all typical of me,Not at all typical of me,Not at all typical of me,54,Man,-99,No,No,No,No,No,No,No,Pass,Pass,0,0,No financial stress,Man,Strongly disagree,37.5,0,0,0,0,1,1,Not at all,Not at all,Not at all,Not at all
13885508716,13885509493,Strongly disagree,Nearly every day,Slightly disagree,Strongly disagree,Slightly disagree,Slightly disagree,Slightly disagree,Slightly disagree,1,1,0,2,10,0,2,2,10,28,14,17,27,16,22,6,0,0,9,11,27,19,0,0,Not at all,Not at all,Not at all,Not at all,Not at all,Not at all,Not at all,Not at all,Not at all,Not at all,Not at all,Not at all,Not at all,Agree,Strongly agree,Strongly agree,Very typical of me,Very typical of me,Very typical of me,Very typical of me,Very typical of me,25,I prefer to self-describe:,nonbinary,No,Yes,Yes,Yes,No,Yes,No,Pass,Pass,0,4,Some financial stress,199,2.6666666666666665,2.25,17.25,17.75,5,11.5,5,6.666666666666667,Not at all,Not at all,Not at all,Not at all
13885503661,13885504045,Strongly disagree,Nearly every day,Agree,Neither agree nor disagree,Agree,Agree,Agree,Agree,0,0,0,0,0,0,0,0,95,90,50,10,0,0,0,0,0,0,18,0,0,0,0,0,Not at all,Not at all,Not at all,Not at all,Not at all,Not at all,Not at all,Not at all,Not at all,Not at all,Not at all,Not at all,Not at all,Somewhat agree,Somewhat agree,Somewhat agree,Very typical of me,Very typical of me,Very typical of me,Very typical of me,Very typical of me,57,Woman,-99,No,No,No,No,No,No,No,Pass,Pass,0,0,No financial stress,Woman,5.666666666666667,0,61.25,0,4.5,0,5,5,Not at all,Not at all,Not at all,Not at all
13885415726,13885416279,Strongly disagree,Nearly every day,Strongly agree,Slightly agree,Agree,Strongly agree,Slightly agree,Slightly agree,0,0,50,100,100,80,100,100,40,70,70,70,100,100,100,100,40,100,55,100,20,10,70,70,Several of the days,Several of the days,Several of the days,Several of the days,Over half the days,Not at all,Several of the days,Several of the days,Over half the days,Several of the days,Over half the days,Over half the days,Over half the days,Agree,Strongly agree,Strongly agree,3,Not at all typical of me,4,3,3,19,Woman,-99,No,No,Yes,No,No,Yes,No,Pass,Pass,0,2,Some financial stress,Woman,5.833333333333333,66.25,62.5,100,73.75,42.5,2.8,6.666666666666667,Several of the days,Several of the days,1.3333333333333333,Over half the days
13885418841,13885419712,Strongly disagree,Nearly every day,Agree,Agree,Strongly agree,Strongly agree,Agree,Agree,0,0,57,64,63,75,0,62,35,61,45,73,59,1,19,10,17,49,48,20,68,69,84,66,Several of the days,Not at all,Over half the days,Several of the days,Several of the days,Not at all,Not at all,Not at all,Not at all,Not at all,Over half the days,Several of the days,Several of the days,Strongly agree,Agree,Agree,3,4,4,4,3,44,Man,-99,No,No,No,No,No,No,No,Pass,Pass,0,0,No financial stress,Man,6.333333333333333,40.125,53.5,22.25,33.5,71.75,3.6,6.333333333333333,Several of the days,0.3333333333333333,Not at all,1.3333333333333333
13885506811,13885507193,Strongly disagree,Nearly every day,Slightly agree,Slightly agree,Slightly agree,Slightly agree,Agree,Slightly agree,19,14,15,18,18,10,42,40,24,38,29,31,39,23,40,58,60,29,53,45,44,53,63,65,Several of the days,Over half the days,Over half the days,Several of the days,Several of the days,Over half the days,Several of the days,Over half the days,Over half the days,Over half the days,Over half the days,Over half the days,Several of the days,Neither agree nor disagree,Neither agree nor disagree,Neither agree nor disagree,4,3,4,4,3,33,Man,-99,No,No,No,No,No,No,No,Pass,Pass,0,0,No financial stress,Man,5.166666666666667,22,30.5,40,46.75,56.25,3.6,4,1.5,1.3333333333333333,Over half the days,1.6666666666666667
13885502928,13885503510,Strongly disagree,Nearly every day,Agree,Agree,Slightly disagree,Neither agree nor disagree,Slightly agree,Agree,0,7,30,58,4,21,90,65,19,32,13,49,32,12,33,10,23,3,5,17,32,53,9,47,Several of the days,Over half the days,Over half the days,Several of the days,Several of the days,Several of the days,Over half the days,Not at all,Not at all,Not at all,Over half the days,Several of the days,Not at all,Somewhat disagree,Somewhat disagree,Somewhat agree,4,3,4,Very typical of me,4,19,Woman,-99,No,No,No,No,No,No,No,Pass,Pass,0,0,No financial stress,Woman,Slightly agree,34.375,28.25,21.75,12,35.25,4,3.6666666666666665,1.5,1.3333333333333333,Not at all,Several of the days
13885504860,13885505451,Strongly disagree,Nearly every day,Agree,Slightly agree,Slightly agree,Slightly agree,Slightly agree,Slightly agree,0,0,16,64,29,0,0,0,71,100,77,94,93,86,91,95,100,95,93,92,51,51,54,84,Several of the days,Not at all,Several of the days,Several of the days,Not at all,Not at all,Not at all,Not at all,Not at all,Not at all,Not at all,Not at all,Several of the days,Agree,Agree,Agree,4,4,Very typical of me,4,4,39,Man,-99,No,No,No,No,No,No,No,Pass,Pass,0,0,No financial stress,Man,5.166666666666667,13.625,85.5,91.25,95,60,4.2,6,0.75,Not at all,Not at all,0.3333333333333333
13885503586,13885504363,Strongly disagree,Nearly every day,Neither agree nor disagree,Slightly agree,Slightly agree,Agree,Slightly agree,Slightly agree,0,0,0,6,0,0,8,0,100,100,100,100,100,74,86,81,81,42,74,83,2,1,1,4,Not at all,Not at all,Not at all,Not at all,Not at all,Not at all,Not at all,Several of the days,Not at all,Not at all,Not at all,Not at all,Not at all,Agree,Neither agree nor disagree,Somewhat agree,2,3,2,2,2,21,Woman,-99,No,Yes,No,No,No,Yes,No,Pass,Pass,0,2,Some financial stress,Woman,Slightly agree,1.75,100,85.25,70,2,2.2,5,Not at all,Not at all,0.3333333333333333,Not at all
13885416861,13885417773,Strongly disagree,Nearly every day,Slightly agree,Slightly agree,Slightly disagree,Slightly disagree,Slightly agree,Disagree,0,0,75,80,0,25,0,50,85,85,85,65,100,100,100,100,90,90,100,100,0,0,0,50,Several of the days,Not at all,Not at all,Several of the days,Not at all,Several of the days,Not at all,Not at all,Not at all,Not at all,Not at all,Not at all,Not at all,Neither agree nor disagree,Neither agree nor disagree,Neither agree nor disagree,2,Not at all typical of me,2,2,2,47,Man,-99,No,No,No,No,Yes,No,No,Pass,Pass,0,1,Some financial stress,Man,3.8333333333333335,28.75,80,100,95,12.5,1.8,4,0.5,0.3333333333333333,Not at all,Not at all
13885501835,13885502591,Strongly disagree,Nearly every day,Agree,Agree,Agree,Agree,Agree,Agree,0,0,0,0,0,0,0,0,80,80,80,65,20,5,5,11,2,3,26,3,6,5,3,4,Not at all,Not at all,Not at all,Not at all,Not at all,Not at all,Not at all,Not at all,Not at all,Not at all,Not at all,Not at all,Not at all,Somewhat agree,Somewhat agree,Somewhat agree,2,2,3,2,2,57,Woman,-99,No,No,No,No,No,No,No,Pass,Pass,0,0,No financial stress,Woman,Agree,0,76.25,10.25,8.5,4.5,2.2,5,Not at all,Not at all,Not at all,Not at all
13885504502,13885506612,Strongly disagree,Nearly every day,Disagree,Slightly agree,Slightly disagree,Disagree,Slightly agree,Neither agree nor disagree,43,17,65,34,40,67,81,54,34,59,11,33,21,6,2,3,5,3,4,5,66,60,52,29,Several of the days,Over half the days,Several of the days,Several of the days,Not at all,Over half the days,Several of the days,Not at all,Several of the days,Several of the days,Several of the days,Over half the days,Not at all,Somewhat agree,Somewhat disagree,Neither agree nor disagree,2,4,4,3,2,28,Man,-99,No,No,No,No,No,No,No,Pass,Pass,0,0,No financial stress,Man,3.5,50.125,34.25,8,4.25,51.75,3,4,1.25,Several of the days,0.6666666666666666,Several of the days
13885503045,13885503505,Strongly disagree,Nearly every day,Slightly agree,Slightly agree,Agree,Agree,Agree,Agree,20,20,50,70,50,31,100,20,40,50,40,15,85,80,80,80,10,5,5,10,20,30,30,65,Not at all,Not at all,Not at all,Not at all,Not at all,Not at all,Not at all,Not at all,Not at all,Not at all,Not at all,Not at all,Not at all,Agree,Agree,Agree,3,3,4,Very typical of me,3,26,Woman,-99,No,No,No,No,No,No,No,Pass,Pass,0,0,No financial stress,Woman,5.666666666666667,45.125,36.25,81.25,7.5,36.25,3.6,6,Not at all,Not at all,Not at all,Not at all
13885505091,13885505963,Strongly disagree,Nearly every day,Strongly agree,Strongly agree,Strongly agree,Strongly agree,Strongly agree,Strongly agree,50,0,100,100,60,77,100,81,80,88,80,81,100,64,63,66,41,0,43,48,0,0,0,85,Not at all,Not at all,Not at all,Not at all,Not at all,Not at all,Not at all,Not at all,Not at all,Not at all,Several of the days,Several of the days,Several of the days,Agree,Strongly agree,Agree,2,3,4,4,2,31,Woman,-99,Yes,No,No,No,No,Yes,Yes,Pass,Pass,0,3,Some financial stress,Woman,Strongly agree,71,82.25,73.25,33,21.25,3,6.333333333333333,Not at all,Not at all,Not at all,Several of the days
13885503575,13885503845,Strongly disagree,Nearly every day,Slightly agree,Slightly agree,Agree,Strongly agree,Slightly agree,Slightly agree,0,0,59,83,36,46,49,75,7,21,4,28,54,55,53,52,20,4,76,50,52,50,8,60,Several of the days,Not at all,Several of the days,Not at all,Several of the days,Several of the days,Several of the days,Not at all,Not at all,Not at all,Several of the days,Not at all,Not at all,Agree,Agree,Agree,2,3,3,3,2,18,Man,-99,No,No,Yes,No,No,Yes,Yes,Pass,Pass,0,3,Some financial stress,Man,5.5,43.5,15,53.5,37.5,42.5,2.6,6,0.5,Several of the days,Not at all,0.3333333333333333
13885503317,13885503954,Strongly disagree,Nearly every day,Agree,Agree,Agree,Agree,Slightly agree,Slightly agree,0,0,100,50,0,50,0,50,100,100,100,100,100,40,40,40,100,50,100,100,0,0,0,30,Several of the days,Several of the days,Several of the days,Several of the days,Several of the days,Several of the days,Several of the days,Several of the days,Several of the days,Not at all,Over half the days,Over half the days,Over half the days,Agree,Agree,Agree,4,3,4,4,4,45,Woman,-99,No,No,No,No,No,Yes,No,Pass,Pass,0,1,Some financial stress,Woman,5.666666666666667,31.25,100,55,87.5,7.5,3.8,6,Several of the days,Several of the days,0.6666666666666666,Over half the days
13885506117,13885507032,Strongly disagree,Nearly every day,Disagree,Strongly disagree,Disagree,Strongly disagree,Strongly disagree,Strongly disagree,0,0,0,0,51,0,0,0,0,0,0,0,6,0,49,0,0,0,0,0,76,0,37,0,Not at all,Not at all,Not at all,Not at all,Not at all,Not at all,Not at all,Not at all,Not at all,Not at all,Not at all,Not at all,Not at all,Disagree,Disagree,Disagree,Very typical of me,4,Very typical of me,Very typical of me,Very typical of me,44,Woman,-99,No,No,No,No,No,No,No,Pass,Pass,0,0,No financial stress,Woman,1.3333333333333333,6.375,0,13.75,0,28.25,4.8,2,Not at all,Not at all,Not at all,Not at all
13885504638,13885505350,Strongly disagree,Nearly every day,Agree,Agree,Agree,Agree,Agree,Strongly agree,0,11,60,64,68,71,9,71,0,74,0,56,0,0,0,0,0,0,42,50,0,0,0,0,Not at all,Not at all,Not at all,Not at all,Not at all,Not at all,Several of the days,Not at all,Not at all,Not at all,Not at all,Not at all,Not at all,Agree,Strongly agree,Agree,2,2,2,2,2,25,Man,-99,No,No,No,No,No,No,No,Pass,Pass,0,0,No financial stress,Man,6.166666666666667,44.25,32.5,0,23,0,2,6.333333333333333,Not at all,0.3333333333333333,Not at all,Not at all
13885504288,13885504811,Strongly disagree,Nearly every day,Strongly agree,Agree,Strongly agree,Strongly agree,Strongly agree,Agree,0,0,40,60,0,0,30,0,40,80,40,60,60,25,25,10,0,0,60,20,85,100,100,100,Not at all,Not at all,Not at all,Not at all,Not at all,Not at all,Not at all,Not at all,Not at all,Not at all,Several of the days,Several of the days,Not at all,Agree,Strongly agree,Strongly agree,3,3,4,4,4,43,Woman,-99,No,No,No,No,No,No,No,Pass,Pass,0,0,No financial stress,Woman,6.666666666666667,16.25,55,30,20,96.25,3.6,6.666666666666667,Not at all,Not at all,Not at all,0.6666666666666666
13885504503,13885504777,Strongly disagree,Nearly every day,Agree,Agree,Slightly agree,Agree,Slightly agree,Slightly agree,0,0,24,26,19,17,11,41,40,50,41,21,28,15,48,39,0,0,0,46,26,15,19,18,Several of the days,Several of the days,Not at all,Several of the days,Over half the days,Several of the days,Several of the days,Several of the days,Several of the days,Several of the days,Several of the days,Not at all,Not at all,Somewhat agree,Somewhat agree,Agree,4,4,4,4,Very typical of me,20,Woman,-99,No,No,No,Yes,Yes,Yes,No,Pass,Pass,0,3,Some financial stress,Woman,5.5,17.25,38,32.5,11.5,19.5,4.2,5.333333333333333,0.75,1.3333333333333333,Several of the days,0.3333333333333333
13885503771,13885504356,Strongly disagree,Nearly every day,Slightly agree,Slightly agree,Slightly agree,Strongly agree,Slightly agree,Neither agree nor disagree,0,0,50,60,40,50,100,50,30,70,30,60,10,0,10,0,0,40,0,0,0,0,0,0,Not at all,Not at all,Not at all,Not at all,Not at all,Several of the days,Not at all,Not at all,Not at all,Not at all,Not at all,Not at all,Not at all,Strongly agree,Agree,Somewhat agree,Very typical of me,Very typical of me,Very typical of me,4,4,32,Man,-99,No,No,No,No,No,No,No,Pass,Pass,0,0,No financial stress,Man,5.166666666666667,43.75,47.5,5,10,0,4.6,6,Not at all,0.3333333333333333,Not at all,Not at all
13885502406,13885502904,Strongly disagree,Nearly every day,Strongly agree,Agree,Strongly agree,Agree,Strongly agree,Strongly agree,0,0,71,47,10,43,39,16,86,70,73,70,62,19,46,16,41,0,18,29,47,47,40,25,Several of the days,Not at all,Not at all,Several of the days,Several of the days,Several of the days,Several of the days,Over half the days,Not at all,Several of the days,Several of the days,Several of the days,Over half the days,Strongly agree,Strongly agree,Strongly agree,4,4,Very typical of me,Very typical of me,Very typical of me,41,Man,-99,No,No,No,Yes,No,Yes,Yes,Pass,Pass,0,3,Some financial stress,Man,6.666666666666667,28.25,74.75,35.75,22,39.75,4.6,7,0.5,Several of the days,Several of the days,1.3333333333333333
13885502145,13885503666,Strongly disagree,Nearly every day,Disagree,Strongly disagree,Strongly disagree,Agree,Disagree,Disagree,0,0,0,41,0,0,8,0,81,92,75,66,93,87,80,87,26,17,65,62,4,4,3,4,Not at all,Not at all,Not at all,Not at all,Not at all,Not at all,Not at all,Not at all,Not at all,Not at all,Not at all,Not at all,Not at all,Strongly agree,Strongly agree,Agree,Very typical of me,Very typical of me,Very typical of me,Very typical of me,Very typical of me,21,Woman,-99,No,No,No,Yes,No,Yes,No,Pass,Pass,0,2,Some financial stress,Woman,2.3333333333333335,6.125,78.5,86.75,42.5,3.75,5,6.666666666666667,Not at all,Not at all,Not at all,Not at all
13885505162,13885505589,Strongly disagree,Nearly every day,Strongly agree,Agree,Strongly agree,Strongly agree,Agree,Strongly agree,0,0,0,75,69,51,0,76,100,100,100,100,77,77,100,74,100,100,100,100,0,0,0,0,Several of the days,Several of the days,Several of the days,Several of the days,Several of the days,Several of the days,Several of the days,Not at all,Not at all,Not at all,Several of the days,Several of the days,Several of the days,Agree,Somewhat agree,Agree,Very typical of me,Very typical of me,Very typical of me,Very typical of me,Very typical of me,24,Woman,-99,No,No,No,No,No,No,No,Pass,Pass,0,0,No financial stress,Woman,6.666666666666667,33.875,100,82,100,0,5,5.666666666666667,Several of the days,Several of the days,Not at all,Several of the days
13885504292,13885504967,Strongly disagree,Nearly every day,Slightly agree,Slightly agree,Slightly agree,Agree,Slightly agree,Agree,0,0,100,100,50,100,100,100,100,100,100,100,100,100,100,100,90,81,90,100,10,10,10,19,Several of the days,Several of the days,Several of the days,Over half the days,Over half the days,Several of the days,Several of the days,Several of the days,Several of the days,Over half the days,Several of the days,Several of the days,Over half the days,Strongly agree,Strongly agree,Strongly agree,2,2,3,2,3,41,Man,-99,No,No,Yes,No,No,Yes,No,Pass,Pass,0,2,Some financial stress,Man,5.333333333333333,68.75,100,100,90.25,12.25,2.4,7,1.25,1.3333333333333333,1.3333333333333333,1.3333333333333333
13885505304,13885505858,Strongly disagree,Nearly every day,Slightly agree,Slightly agree,Slightly agree,Agree,Slightly agree,Slightly agree,0,0,0,59,47,18,47,52,94,93,93,96,100,100,98,100,98,94,98,100,0,0,0,0,Nearly every day,Over half the days,Over half the days,Over half the days,Several of the days,Several of the days,Several of the days,Nearly every day,Several of the days,Nearly every day,Several of the days,Several of the days,Over half the days,Strongly agree,Strongly agree,Strongly agree,Very typical of me,Very typical of me,Very typical of me,Very typical of me,Very typical of me,19,Woman,-99,No,No,Yes,No,No,Yes,No,Pass,Pass,0,2,Some financial stress,Woman,5.166666666666667,27.875,94,99.5,97.5,0,5,7,2.25,Several of the days,2.3333333333333335,1.3333333333333333
13885502068,13885502507,Strongly disagree,Nearly every day,Disagree,Disagree,Disagree,Agree,Agree,Slightly disagree,0,0,50,30,20,70,0,60,10,60,10,30,100,80,100,80,10,10,30,50,0,0,0,0,Not at all,Not at all,Not at all,Not at all,Not at all,Not at all,Not at all,Not at all,Not at all,Not at all,Not at all,Not at all,Not at all,Somewhat agree,Strongly agree,Strongly agree,Not at all typical of me,Not at all typical of me,2,2,2,19,Man,-99,No,No,No,No,No,Yes,No,Pass,Pass,0,1,Some financial stress,Man,3.5,28.75,27.5,90,25,0,1.6,6.333333333333333,Not at all,Not at all,Not at all,Not at all
13885504946,13885505884,Strongly disagree,Nearly every day,Neither agree nor disagree,Neither agree nor disagree,Slightly disagree,Slightly agree,Neither agree nor disagree,Neither agree nor disagree,0,0,86,100,100,52,71,0,86,76,73,81,78,85,80,81,82,88,74,66,0,0,0,0,Over half the days,Over half the days,Over half the days,Over half the days,Over half the days,Not at all,Not at all,Nearly every day,Over half the days,Over half the days,Over half the days,Several of the days,Several of the days,Strongly agree,Somewhat agree,Somewhat agree,Very typical of me,Very typical of me,Very typical of me,Very typical of me,Very typical of me,31,Woman,-99,No,No,No,No,No,No,No,Pass,Pass,0,0,No financial stress,Woman,Neither agree nor disagree,51.125,79,81,77.5,0,5,5.666666666666667,Over half the days,0.6666666666666666,2.3333333333333335,1.3333333333333333
13885502803,13885504013,Strongly disagree,Nearly every day,Slightly disagree,Slightly agree,Slightly agree,Agree,Slightly agree,Slightly disagree,0,10,60,90,0,0,30,0,80,90,85,100,100,100,100,90,75,85,75,95,45,65,30,20,Over half the days,Several of the days,Over half the days,Several of the days,Over half the days,Several of the days,Nearly every day,Several of the days,Several of the days,Several of the days,Over half the days,Over half the days,Over half the days,Strongly agree,Strongly agree,Strongly agree,Very typical of me,4,Very typical of me,Very typical of me,4,23,Woman,-99,No,No,No,No,No,Yes,No,Pass,Pass,0,1,Some financial stress,Woman,4.5,23.75,88.75,97.5,82.5,40,4.6,7,1.5,Over half the days,Several of the days,Over half the days
13885504963,13885505988,Strongly disagree,Nearly every day,Disagree,Disagree,Neither agree nor disagree,Slightly agree,Slightly agree,Neither agree nor disagree,0,0,0,67,0,0,50,50,100,100,100,100,100,100,100,100,50,27,90,90,5,5,3,50,Several of the days,Not at all,Not at all,Several of the days,Not at all,Not at all,Not at all,Not at all,Not at all,Not at all,Not at all,Not at all,Not at all,Agree,Agree,Agree,Not at all typical of me,Not at all typical of me,3,Not at all typical of me,3,54,Woman,-99,No,No,No,No,No,No,No,Pass,Pass,0,0,No financial stress,Woman,3.6666666666666665,20.875,100,100,64.25,15.75,1.8,6,0.5,Not at all,Not at all,Not at all
13885504405,13885505145,Strongly disagree,Nearly every day,Agree,Slightly agree,Agree,Agree,Slightly agree,Slightly agree,0,0,86,95,32,60,85,94,100,95,98,100,74,79,55,68,48,56,34,68,24,15,5,59,Several of the days,Over half the days,Nearly every day,Nearly every day,Nearly every day,Over half the days,Several of the days,Over half the days,Several of the days,Several of the days,Over half the days,Over half the days,Over half the days,Strongly agree,Strongly agree,Strongly agree,Very typical of me,Very typical of me,Very typical of me,Very typical of me,Very typical of me,27,Woman,-99,No,No,Yes,Yes,No,No,No,Pass,Pass,0,2,Some financial stress,Woman,5.5,56.5,98.25,69,51.5,25.75,5,7,2.25,Over half the days,1.3333333333333333,Over half the days
13885504364,13885505194,Strongly disagree,Nearly every day,Strongly agree,Strongly agree,Slightly agree,Slightly agree,Agree,Slightly agree,0,0,62,67,40,77,0,0,64,86,67,70,91,60,84,61,70,43,66,78,58,64,65,82,Not at all,Not at all,Not at all,Not at all,Not at all,Not at all,Not at all,Not at all,Not at all,Not at all,Not at all,Not at all,Not at all,Strongly agree,Agree,Strongly agree,Not at all typical of me,Not at all typical of me,Not at all typical of me,Not at all typical of me,Not at all typical of me,60,Man,-99,No,No,No,No,No,No,No,Pass,Pass,0,0,No financial stress,Man,5.833333333333333,30.75,71.75,74,64.25,67.25,1,6.666666666666667,Not at all,Not at all,Not at all,Not at all
13885504784,13885505109,Strongly disagree,Nearly every day,Agree,Agree,Agree,Agree,Agree,Agree,0,0,43,69,1,0,0,0,82,73,84,86,11,8,9,12,68,41,21,69,7,7,10,9,Several of the days,Not at all,Not at all,Not at all,Not at all,Not at all,Not at all,Not at all,Not at all,Not at all,Several of the days,Several of the days,Not at all,Agree,Agree,Agree,4,4,4,4,4,24,Woman,-99,No,No,No,No,No,No,No,Pass,Pass,0,0,No financial stress,Woman,Agree,14.125,81.25,10,49.75,8.25,4,6,0.25,Not at all,Not at all,0.6666666666666666
13885504896,13885505458,Strongly disagree,Nearly every day,Strongly agree,Strongly agree,Strongly agree,Strongly agree,Strongly agree,Strongly agree,0,0,0,0,0,1,1,4,60,74,50,0,41,0,0,0,0,0,0,3,55,65,71,79,Not at all,Not at all,Not at all,Not at all,Not at all,Not at all,Not at all,Not at all,Not at all,Not at all,Not at all,Not at all,Not at all,Strongly agree,Strongly agree,Strongly agree,Not at all typical of me,Not at all typical of me,Not at all typical of me,Not at all typical of me,Not at all typical of me,43,Woman,-99,No,No,No,No,No,No,No,Pass,Pass,0,0,No financial stress,Woman,Strongly agree,0.75,46,10.25,0.75,67.5,1,7,Not at all,Not at all,Not at all,Not at all
13885502482,13885503067,Strongly disagree,Nearly every day,Slightly agree,Slightly disagree,Slightly disagree,Slightly agree,Slightly agree,Strongly disagree,0,5,0,30,20,0,10,5,90,100,90,90,90,70,80,80,95,50,100,100,30,30,15,30,Over half the days,Several of the days,Over half the days,Not at all,Several of the days,Not at all,Several of the days,Not at all,Not at all,Several of the days,Several of the days,Several of the days,Over half the days,Agree,Strongly agree,Strongly agree,4,Very typical of me,4,Very typical of me,4,31,I prefer to self-describe:,genderqueer,No,No,Yes,No,No,No,No,Pass,Pass,0,1,Some financial stress,199,3.6666666666666665,8.75,92.5,80,86.25,26.25,4.4,6.666666666666667,1.25,0.6666666666666666,0.3333333333333333,1.3333333333333333
13885504827,13885505158,Strongly disagree,Nearly every day,Slightly agree,Neither agree nor disagree,Neither agree nor disagree,Neither agree nor disagree,Neither agree nor disagree,Neither agree nor disagree,0,0,0,15,0,0,0,0,0,0,0,0,31,0,40,0,0,0,15,14,78,74,34,88,Not at all,Not at all,Not at all,Not at all,Not at all,Not at all,Not at all,Not at all,Not at all,Not at all,Not at all,Not at all,Not at all,Neither agree nor disagree,Neither agree nor disagree,Somewhat agree,4,4,4,Very typical of me,4,47,Woman,-99,No,No,No,No,No,No,No,Pass,Pass,0,0,No financial stress,Woman,4.166666666666667,1.875,0,17.75,7.25,68.5,4.2,4.333333333333333,Not at all,Not at all,Not at all,Not at all
13885504644,13885505047,Strongly disagree,Nearly every day,Slightly disagree,Slightly disagree,Slightly agree,Slightly agree,Slightly disagree,Slightly disagree,0,0,0,80,0,68,0,53,100,100,100,100,100,100,100,100,100,100,100,100,0,0,0,0,Several of the days,Several of the days,Several of the days,Several of the days,Several of the days,Over half the days,Several of the days,Not at all,Not at all,Not at all,Several of the days,Several of the days,Over half the days,Strongly agree,Strongly agree,Strongly agree,Very typical of me,Very typical of me,Very typical of me,Very typical of me,Very typical of me,24,Woman,-99,No,No,No,Yes,No,No,No,Pass,Pass,0,1,Some financial stress,Woman,3.6666666666666665,25.125,100,100,100,0,5,7,Several of the days,1.3333333333333333,Not at all,1.3333333333333333
13885504375,13885504787,Strongly disagree,Nearly every day,Slightly agree,Slightly agree,Agree,Agree,Agree,Slightly agree,0,0,29,87,14,12,0,0,55,83,55,71,96,78,88,82,88,60,66,83,21,10,10,79,Several of the days,Not at all,Not at all,Several of the days,Not at all,Not at all,Several of the days,Several of the days,Not at all,Several of the days,Over half the days,Several of the days,Over half the days,Strongly agree,Strongly agree,Strongly agree,4,4,Very typical of me,Very typical of me,Very typical of me,29,Man,-99,No,No,No,No,No,No,No,Pass,Pass,0,0,No financial stress,Man,5.5,17.75,66,86,74.25,30,4.6,7,0.5,0.3333333333333333,0.6666666666666666,1.6666666666666667
13885504133,13885505219,Strongly disagree,Nearly every day,Strongly agree,Neither agree nor disagree,Neither agree nor disagree,Neither agree nor disagree,Slightly agree,Slightly agree,0,0,15,70,49,0,0,51,1,10,1,10,1,0,1,0,3,3,5,5,0,0,0,10,Several of the days,Not at all,Several of the days,Not at all,Not at all,Not at all,Not at all,Several of the days,Several of the days,Several of the days,Not at all,Not at all,Several of the days,Strongly disagree,Somewhat agree,Neither agree nor disagree,Very typical of me,Very typical of me,4,Very typical of me,Very typical of me,52,Man,-99,Yes,Yes,No,No,No,Yes,No,Pass,Pass,0,3,Some financial stress,Man,4.833333333333333,23.125,5.5,0.5,4,2.5,4.8,3.3333333333333335,0.5,Not at all,Several of the days,0.3333333333333333
13885503135,13885503431,Strongly disagree,Nearly every day,Strongly disagree,Strongly disagree,Slightly agree,Slightly agree,Slightly agree,Slightly agree,10,5,100,100,50,50,75,75,100,100,100,100,100,100,100,100,60,50,100,100,10,10,10,100,Several of the days,Not at all,Not at all,Several of the days,Several of the days,Several of the days,Several of the days,Not at all,Not at all,Not at all,Not at all,Not at all,Several of the days,Strongly agree,Strongly agree,Strongly agree,2,2,3,3,2,23,Man,-99,No,No,No,Yes,No,No,No,Pass,Pass,0,1,Some financial stress,Man,3.6666666666666665,58.125,100,100,77.5,32.5,2.4,7,0.5,Several of the days,Not at all,0.3333333333333333
13885499740,13885500291,Strongly disagree,Nearly every day,Disagree,Disagree,Strongly disagree,Strongly disagree,Strongly disagree,Strongly disagree,0,0,100,100,37,38,0,0,0,0,0,0,0,0,0,0,0,0,0,0,0,0,0,0,Not at all,Not at all,Not at all,Not at all,Not at all,Not at all,Not at all,Not at all,Not at all,Not at all,Not at all,Not at all,Not at all,Strongly disagree,Strongly disagree,Strongly disagree,Not at all typical of me,Not at all typical of me,Not at all typical of me,Not at all typical of me,Not at all typical of me,55,Man,-99,No,No,No,No,No,No,No,Pass,Pass,0,0,No financial stress,Man,1.3333333333333333,34.375,0,0,0,0,1,1,Not at all,Not at all,Not at all,Not at all
13885504713,13885505089,Strongly disagree,Nearly every day,Agree,Agree,Agree,Strongly agree,Agree,Agree,0,0,90,90,10,10,87,76,84,89,83,77,87,77,61,74,90,18,69,74,46,54,46,87,Several of the days,Not at all,Not at all,Not at all,Several of the days,Several of the days,Several of the days,Not at all,Not at all,Not at all,Not at all,Not at all,Not at all,Strongly agree,Strongly agree,Strongly agree,3,3,3,4,3,45,Man,-99,No,No,No,No,No,No,No,Pass,Pass,0,0,No financial stress,Man,6.166666666666667,45.375,83.25,74.75,62.75,58.25,3.2,7,0.25,Several of the days,Not at all,Not at all
13885501349,13885501687,Strongly disagree,Nearly every day,Slightly disagree,Disagree,Slightly disagree,Neither agree nor disagree,Disagree,Strongly disagree,30,20,76,55,65,46,8,83,75,89,77,77,84,44,5,55,83,45,54,49,5,3,3,31,Several of the days,Several of the days,Several of the days,Several of the days,Several of the days,Several of the days,Several of the days,Not at all,Not at all,Not at all,Not at all,Not at all,Over half the days,Strongly agree,Strongly agree,Strongly agree,Very typical of me,4,4,3,4,29,Woman,-99,No,No,No,Yes,No,No,No,Pass,Pass,0,1,Some financial stress,Woman,2.5,47.875,79.5,47,57.75,10.5,4,7,Several of the days,Several of the days,Not at all,0.6666666666666666
13885504823,13885505411,Strongly disagree,Nearly every day,Slightly agree,Slightly agree,Agree,Agree,Agree,Slightly agree,0,0,65,75,15,35,20,0,75,80,80,70,90,90,80,90,90,70,90,80,10,35,15,50,Several of the days,Several of the days,Several of the days,Several of the days,Several of the days,Several of the days,Several of the days,Not at all,Not at all,Not at all,Over half the days,Over half the days,Over half the days,Strongly agree,Strongly agree,Strongly agree,4,4,Very typical of me,Very typical of me,Very typical of me,37,Man,-99,Yes,No,No,No,Yes,Yes,No,Pass,Pass,0,3,Some financial stress,Man,5.5,26.25,76.25,87.5,82.5,27.5,4.6,7,Several of the days,Several of the days,Not at all,Over half the days
13885504454,13885504895,Strongly disagree,Nearly every day,Agree,Agree,Agree,Agree,Agree,Agree,0,0,72,100,19,17,100,100,29,30,31,30,51,51,52,54,4,4,3,61,0,0,0,0,Not at all,Not at all,Not at all,Not at all,Not at all,Not at all,Not at all,Not at all,Not at all,Not at all,Not at all,Not at all,Not at all,Agree,Neither agree nor disagree,Neither agree nor disagree,4,4,4,4,4,26,Man,-99,Yes,Yes,Yes,Yes,Yes,Yes,Yes,Pass,Pass,0,7,Some financial stress,Man,Agree,51,30,52,18,0,4,4.666666666666667,Not at all,Not at all,Not at all,Not at all
13885499413,13885499771,Strongly disagree,Nearly every day,Slightly agree,Disagree,Slightly agree,Slightly agree,Neither agree nor disagree,Neither agree nor disagree,0,20,40,69,42,30,77,27,100,100,100,100,100,100,100,100,100,56,100,100,23,20,11,30,Several of the days,Several of the days,Several of the days,Nearly every day,Nearly every day,Several of the days,Several of the days,Not at all,Not at all,Not at all,Over half the days,Over half the days,Several of the days,Strongly agree,Strongly agree,Strongly agree,3,Very typical of me,Very typical of me,Very typical of me,Very typical of me,34,Woman,-99,No,No,No,No,No,No,No,Pass,Pass,0,0,No financial stress,Woman,4.166666666666667,38.125,100,100,89,21,4.6,7,1.5,1.6666666666666667,Not at all,1.6666666666666667
13885502361,13885502627,Strongly disagree,Nearly every day,Slightly agree,Slightly agree,Slightly agree,Agree,Slightly agree,Slightly agree,0,0,66,79,25,0,0,55,33,44,27,39,86,84,87,89,53,13,56,87,32,35,31,72,Several of the days,Several of the days,Several of the days,Several of the days,Several of the days,Several of the days,Several of the days,Not at all,Not at all,Not at all,Several of the days,Several of the days,Several of the days,Agree,Agree,Agree,4,4,4,4,4,23,Man,-99,No,No,No,No,No,No,No,Pass,Pass,0,0,No financial stress,Man,5.166666666666667,28.125,35.75,86.5,52.25,42.5,4,6,Several of the days,Several of the days,Not at all,Several of the days
13885504206,13885504547,Strongly disagree,Nearly every day,Slightly disagree,Strongly disagree,Disagree,Disagree,Strongly disagree,Strongly disagree,0,0,60,80,50,50,0,0,0,0,0,0,0,0,0,0,0,0,0,0,80,70,0,0,Not at all,Not at all,Not at all,Not at all,Not at all,Not at all,Not at all,Not at all,Not at all,Not at all,Not at all,Not at all,Not at all,Disagree,Neither agree nor disagree,Somewhat disagree,Not at all typical of me,Not at all typical of me,Not at all typical of me,Not at all typical of me,Not at all typical of me,21,Man,-99,Yes,No,Yes,No,Yes,No,No,Pass,Pass,0,3,Some financial stress,Man,1.6666666666666667,30,0,0,0,37.5,1,3,Not at all,Not at all,Not at all,Not at all
13885504807,13885505291,Strongly disagree,Nearly every day,Strongly agree,Disagree,Agree,Agree,Slightly agree,Slightly disagree,0,0,100,81,37,79,100,68,77,97,53,71,89,43,74,43,16,0,86,62,70,58,47,52,Not at all,Not at all,Not at all,Not at all,Not at all,Several of the days,Several of the days,Not at all,Not at all,Not at all,Several of the days,Not at all,Not at all,Neither agree nor disagree,Neither agree nor disagree,Somewhat agree,2,3,2,Not at all typical of me,Not at all typical of me,57,Woman,-99,No,No,No,No,No,Yes,No,Pass,Pass,0,1,Some financial stress,Woman,4.833333333333333,58.125,74.5,62.25,41,56.75,1.8,4.333333333333333,Not at all,0.6666666666666666,Not at all,0.3333333333333333
13885501996,13885502353,Strongly disagree,Nearly every day,Slightly agree,Slightly agree,Slightly agree,Slightly agree,Slightly agree,Slightly agree,0,0,75,90,18,0,0,40,50,49,51,50,74,90,49,81,90,9,65,73,20,18,18,76,Not at all,Not at all,Not at all,Not at all,Not at all,Not at all,Not at all,Not at all,Not at all,Not at all,Not at all,Not at all,Not at all,Agree,Agree,Somewhat disagree,Not at all typical of me,Not at all typical of me,Not at all typical of me,Not at all typical of me,Not at all typical of me,64,Woman,-99,No,No,No,No,No,No,No,Pass,Pass,0,0,No financial stress,Woman,Slightly agree,27.875,50,73.5,59.25,33,1,5,Not at all,Not at all,Not at all,Not at all
13885502596,13885502943,Strongly disagree,Nearly every day,Slightly agree,Slightly agree,Slightly agree,Agree,Agree,Slightly agree,0,0,0,33,0,0,0,0,61,100,42,49,65,29,22,33,16,12,6,11,0,0,0,10,Not at all,Not at all,Not at all,Not at all,Not at all,Not at all,Not at all,Not at all,Not at all,Not at all,Not at all,Not at all,Not at all,Agree,Somewhat agree,Somewhat agree,Not at all typical of me,Not at all typical of me,Not at all typical of me,Not at all typical of me,Not at all typical of me,61,Woman,-99,No,No,No,No,No,No,No,Pass,Pass,0,0,No financial stress,Woman,5.333333333333333,4.125,63,37.25,11.25,2.5,1,5.333333333333333,Not at all,Not at all,Not at all,Not at all
13885501364,13885501808,Strongly disagree,Nearly every day,Slightly disagree,Disagree,Slightly agree,Slightly agree,Slightly disagree,Slightly disagree,0,0,0,57,0,0,0,0,61,61,53,78,43,44,45,39,96,49,64,46,7,0,3,34,Over half the days,Not at all,Over half the days,Over half the days,Several of the days,Several of the days,Not at all,Over half the days,Over half the days,Several of the days,Several of the days,Several of the days,Several of the days,Strongly agree,Strongly agree,Somewhat disagree,4,3,Very typical of me,Very typical of me,4,65,Woman,-99,No,No,No,No,No,No,No,Pass,Pass,0,0,No financial stress,Woman,3.5,7.125,63.25,42.75,63.75,11,4.2,5.666666666666667,1.5,0.6666666666666666,1.6666666666666667,Several of the days
13885504919,13885505205,Strongly disagree,Nearly every day,Agree,Agree,Slightly agree,Agree,Agree,Agree,16,8,77,72,84,68,18,37,28,51,24,65,79,28,43,66,98,49,35,30,5,7,5,31,Several of the days,Not at all,Over half the days,Several of the days,Several of the days,Over half the days,Several of the days,Several of the days,Over half the days,Over half the days,Several of the days,Over half the days,Several of the days,Agree,Agree,Agree,2,3,4,2,3,38,Man,-99,No,No,No,Yes,Yes,No,Yes,Pass,Pass,0,3,Some financial stress,Man,5.833333333333333,47.5,42,54,53,12,2.8,6,Several of the days,1.3333333333333333,1.6666666666666667,1.3333333333333333
13885503033,13885503620,Strongly disagree,Nearly every day,Neither agree nor disagree,Neither agree nor disagree,Slightly agree,Agree,Agree,Agree,0,0,0,0,0,0,32,0,49,100,63,48,0,0,0,0,0,0,0,0,0,92,54,0,Not at all,Not at all,Not at all,Not at all,Not at all,Not at all,Not at all,Several of the days,Not at all,Not at all,Not at all,Not at all,Not at all,Neither agree nor disagree,Neither agree nor disagree,Neither agree nor disagree,Very typical of me,Very typical of me,3,3,3,50,Woman,-99,No,No,No,No,No,No,No,Pass,Pass,0,0,No financial stress,Woman,5.166666666666667,4,65,0,0,36.5,3.8,4,Not at all,Not at all,0.3333333333333333,Not at all
13885505012,13885505660,Strongly disagree,Nearly every day,Strongly agree,Agree,Strongly agree,Agree,Agree,Agree,0,5,2,90,30,100,100,90,90,100,90,100,100,85,85,85,92,40,93,94,15,20,13,80,Several of the days,Several of the days,Several of the days,Several of the days,Several of the days,Several of the days,Several of the days,Not at all,Several of the days,Several of the days,Over half the days,Over half the days,Nearly every day,Agree,Agree,Agree,Very typical of me,Very typical of me,Very typical of me,Very typical of me,Very typical of me,51,Woman,-99,Yes,No,No,No,No,Yes,Yes,Pass,Pass,0,3,Some financial stress,Woman,6.333333333333333,52.125,95,88.75,79.75,32,5,6,Several of the days,Several of the days,0.6666666666666666,2.3333333333333335
13885504523,13885504907,Strongly disagree,Nearly every day,Slightly agree,Neither agree nor disagree,Slightly agree,Slightly agree,Slightly agree,Slightly disagree,0,16,23,67,46,0,40,26,78,95,82,83,84,89,80,91,83,59,94,61,14,4,7,58,Several of the days,Over half the days,Several of the days,Several of the days,Several of the days,Several of the days,Several of the days,Not at all,Not at all,Not at all,Over half the days,Over half the days,Over half the days,Strongly agree,Agree,Strongly agree,Very typical of me,4,Very typical of me,Very typical of me,4,27,Man,-99,No,No,No,No,No,Yes,No,Pass,Pass,0,1,Some financial stress,Man,4.5,27.25,84.5,86,74.25,20.75,4.6,6.666666666666667,1.25,Several of the days,Not at all,Over half the days
13885504878,13885506419,Strongly disagree,Nearly every day,Agree,Agree,Agree,Agree,Agree,Agree,0,0,50,60,0,0,0,0,65,65,50,50,30,0,0,0,55,0,60,50,60,55,55,65,Not at all,Several of the days,Several of the days,Not at all,Not at all,Several of the days,Not at all,Not at all,Not at all,Not at all,Several of the days,Not at all,Several of the days,Disagree,Somewhat agree,Somewhat agree,Very typical of me,Very typical of me,Very typical of me,Very typical of me,Very typical of me,53,Woman,-99,No,No,No,No,No,No,No,Pass,Pass,0,0,No financial stress,Woman,Agree,13.75,57.5,7.5,41.25,58.75,5,4,0.5,0.3333333333333333,Not at all,0.6666666666666666
13885415700,13885416596,Strongly disagree,Nearly every day,Agree,Agree,Slightly agree,Slightly agree,Slightly agree,Slightly agree,30,20,50,100,100,80,60,100,80,50,50,30,70,50,70,40,10,10,10,50,30,30,30,30,Several of the days,Several of the days,Several of the days,Several of the days,Several of the days,Several of the days,Several of the days,Several of the days,Several of the days,Several of the days,Several of the days,Several of the days,Several of the days,Somewhat agree,Somewhat agree,Somewhat agree,2,2,Not at all typical of me,Not at all typical of me,Not at all typical of me,35,Woman,-99,No,No,No,No,No,No,No,Pass,Pass,0,0,No financial stress,Woman,5.333333333333333,67.5,52.5,57.5,20,30,1.4,5,Several of the days,Several of the days,Several of the days,Several of the days
13885503748,13885504051,Strongly disagree,Nearly every day,Slightly agree,Slightly agree,Slightly agree,Slightly agree,Slightly agree,Slightly agree,0,0,61,83,82,45,74,72,40,56,35,44,27,23,26,24,23,22,26,28,27,27,29,30,Not at all,Not at all,Not at all,Not at all,Not at all,Not at all,Not at all,Not at all,Not at all,Not at all,Not at all,Not at all,Not at all,Strongly agree,Strongly agree,Strongly agree,Not at all typical of me,Not at all typical of me,Not at all typical of me,Not at all typical of me,Not at all typical of me,21,Woman,-99,No,No,No,No,No,No,No,Pass,Pass,0,0,No financial stress,Woman,Slightly agree,52.125,43.75,25,24.75,28.25,1,7,Not at all,Not at all,Not at all,Not at all
13885502645,13885503150,Strongly disagree,Nearly every day,Agree,Slightly agree,Agree,Agree,Agree,Agree,0,0,1,3,0,0,0,0,7,7,3,1,2,0,1,0,0,0,0,0,4,4,6,1,Not at all,Not at all,Not at all,Not at all,Not at all,Not at all,Not at all,Not at all,Not at all,Not at all,Not at all,Not at all,Not at all,Somewhat agree,Somewhat agree,Somewhat agree,2,Not at all typical of me,Not at all typical of me,Not at all typical of me,Not at all typical of me,73,Man,-99,No,No,No,No,No,No,No,Pass,Pass,0,0,No financial stress,Man,5.833333333333333,0.5,4.5,0.75,0,3.75,1.2,5,Not at all,Not at all,Not at all,Not at all
13885504843,13885505005,Strongly disagree,Nearly every day,Slightly agree,Neither agree nor disagree,Neither agree nor disagree,Neither agree nor disagree,Slightly agree,Slightly agree,0,0,0,79,15,2,0,48,92,65,53,87,84,68,78,71,65,3,52,42,46,26,8,52,Nearly every day,Several of the days,Several of the days,Over half the days,Over half the days,Several of the days,Several of the days,Several of the days,Over half the days,Over half the days,Over half the days,Several of the days,Several of the days,Disagree,Neither agree nor disagree,Neither agree nor disagree,4,3,3,3,3,23,Woman,-99,Yes,No,No,No,No,Yes,Yes,Pass,Pass,0,3,Some financial stress,Woman,4.5,18,74.25,75.25,40.5,33,3.2,3.3333333333333335,1.75,1.3333333333333333,1.6666666666666667,1.3333333333333333
13885504345,13885504989,Strongly disagree,Nearly every day,Strongly disagree,Strongly disagree,Neither agree nor disagree,Neither agree nor disagree,Strongly disagree,Strongly disagree,0,0,0,10,0,0,0,0,20,20,20,20,40,40,40,40,0,0,0,20,0,0,0,0,Not at all,Not at all,Not at all,Not at all,Not at all,Not at all,Not at all,Not at all,Not at all,Not at all,Not at all,Not at all,Not at all,Strongly agree,Strongly agree,Strongly agree,Very typical of me,Very typical of me,Very typical of me,Very typical of me,Very typical of me,28,Man,-99,No,No,No,No,No,No,No,Pass,Pass,0,0,No financial stress,Man,Disagree,1.25,20,40,5,0,5,7,Not at all,Not at all,Not at all,Not at all
13885504494,13885505049,Strongly disagree,Nearly every day,Agree,Agree,Agree,Agree,Agree,Agree,0,0,100,51,23,33,49,49,50,50,4,43,31,34,31,32,49,37,100,26,0,0,41,84,Not at all,Not at all,Not at all,Not at all,Not at all,Not at all,Not at all,Not at all,Not at all,Not at all,Not at all,Not at all,Not at all,Neither agree nor disagree,Neither agree nor disagree,Neither agree nor disagree,3,Very typical of me,Very typical of me,Very typical of me,3,35,Man,-99,No,No,No,No,No,No,No,Pass,Pass,0,0,No financial stress,Man,Agree,38.125,36.75,32,53,31.25,4.2,4,Not at all,Not at all,Not at all,Not at all
13885502441,13885503039,Strongly disagree,Nearly every day,Disagree,Disagree,Slightly agree,Slightly agree,Disagree,Disagree,0,0,0,5,0,0,0,5,10,10,10,12,5,4,4,4,0,0,0,2,0,0,0,0,Several of the days,Several of the days,Several of the days,Several of the days,Not at all,Not at all,Not at all,Not at all,Over half the days,Over half the days,Not at all,Not at all,Not at all,Somewhat agree,Agree,Agree,4,Very typical of me,Very typical of me,Very typical of me,Very typical of me,26,Man,-99,No,No,Yes,No,No,No,No,Pass,Pass,0,1,Some financial stress,Man,Slightly disagree,1.25,10.5,4.25,0.5,0,4.8,5.666666666666667,Several of the days,Not at all,1.3333333333333333,Not at all
13885504749,13885505218,Strongly disagree,Nearly every day,Slightly agree,Slightly disagree,Strongly agree,Agree,Slightly agree,Slightly agree,0,0,0,100,14,14,0,0,68,100,82,61,100,100,89,100,100,9,83,77,1,3,9,60,Several of the days,Several of the days,Not at all,Several of the days,Several of the days,Not at all,Several of the days,Not at all,Not at all,Not at all,Nearly every day,Over half the days,Not at all,Agree,Agree,Strongly agree,4,4,4,4,4,39,Man,-99,No,No,No,No,No,No,No,Pass,Pass,0,0,No financial stress,Man,5.166666666666667,16,77.75,97.25,67.25,18.25,4,6.333333333333333,0.75,0.6666666666666666,Not at all,1.6666666666666667
13885501704,13885502395,Strongly disagree,Nearly every day,Slightly agree,Neither agree nor disagree,Neither agree nor disagree,Slightly agree,Slightly disagree,Slightly agree,0,0,0,36,0,0,0,0,8,12,6,7,38,0,30,0,0,0,14,0,21,11,15,20,Not at all,Not at all,Not at all,Not at all,Not at all,Not at all,Not at all,Not at all,Not at all,Not at all,Not at all,Not at all,Not at all,Somewhat disagree,Neither agree nor disagree,Neither agree nor disagree,4,4,Very typical of me,4,4,72,Woman,-99,No,No,No,No,No,No,No,Pass,Pass,0,0,No financial stress,Woman,4.333333333333333,4.5,8.25,17,3.5,16.75,4.2,3.6666666666666665,Not at all,Not at all,Not at all,Not at all
13885499169,13885499564,Strongly disagree,Nearly every day,Slightly agree,Slightly agree,Slightly agree,Agree,Slightly agree,Slightly agree,0,0,0,77,50,42,53,57,80,91,80,89,99,96,95,99,83,22,81,86,53,43,43,50,Several of the days,Several of the days,Several of the days,Not at all,Not at all,Not at all,Not at all,Over half the days,Several of the days,Several of the days,Not at all,Not at all,Not at all,Strongly agree,Strongly agree,Strongly agree,Very typical of me,Very typical of me,Very typical of me,Very typical of me,Very typical of me,44,Woman,-99,No,Yes,No,No,No,Yes,Yes,Pass,Pass,0,3,Some financial stress,Woman,5.166666666666667,34.875,85,97.25,68,47.25,5,7,0.75,Not at all,1.3333333333333333,Not at all
13885504812,13885505384,Strongly disagree,Nearly every day,Slightly agree,Slightly disagree,Slightly agree,Slightly agree,Slightly agree,Slightly disagree,0,0,0,20,0,0,0,0,100,100,100,100,80,80,80,80,90,50,90,100,0,0,0,0,Not at all,Not at all,Not at all,Not at all,Not at all,Not at all,Not at all,Not at all,Not at all,Not at all,Not at all,Not at all,Not at all,Neither agree nor disagree,Agree,Strongly agree,Very typical of me,Not at all typical of me,Very typical of me,3,4,25,Woman,-99,No,No,No,No,No,No,No,Pass,Pass,0,0,No financial stress,Woman,4.333333333333333,2.5,100,80,82.5,0,3.6,5.666666666666667,Not at all,Not at all,Not at all,Not at all
13885504515,13885505672,Strongly disagree,Nearly every day,Agree,Agree,Agree,Agree,Agree,Agree,0,0,14,0,30,0,5,0,21,67,4,9,21,0,1,0,0,0,0,0,7,0,0,1,Several of the days,Several of the days,Several of the days,Several of the days,Not at all,Not at all,Not at all,Not at all,Not at all,Not at all,Not at all,Not at all,Not at all,Somewhat disagree,Agree,Somewhat agree,3,3,2,2,3,31,Man,-99,No,No,No,No,No,No,No,Pass,Pass,0,0,No financial stress,Man,Agree,6.125,25.25,5.5,0,2,2.6,4.666666666666667,Several of the days,Not at all,Not at all,Not at all
13885503052,13885503636,Strongly disagree,Nearly every day,Agree,Agree,Agree,Agree,Agree,Agree,0,0,0,0,0,0,0,0,31,86,71,0,0,0,0,0,0,0,0,0,0,0,0,0,Not at all,Not at all,Not at all,Not at all,Not at all,Not at all,Not at all,Several of the days,Not at all,Not at all,Not at all,Not at all,Not at all,Neither agree nor disagree,Neither agree nor disagree,Neither agree nor disagree,Very typical of me,Very typical of me,3,2,3,55,Man,-99,No,No,No,No,No,No,No,Pass,Pass,0,0,No financial stress,Man,Agree,0,47,0,0,0,3.6,4,Not at all,Not at all,0.3333333333333333,Not at all
13885501457,13885502092,Strongly disagree,Nearly every day,Agree,Slightly agree,Neither agree nor disagree,Slightly agree,Slightly agree,Slightly agree,0,0,80,81,50,50,26,54,90,100,90,100,55,50,30,60,70,30,85,61,0,0,0,0,Several of the days,Several of the days,Several of the days,Several of the days,Several of the days,Not at all,Several of the days,Not at all,Not at all,Not at all,Over half the days,Over half the days,Several of the days,Agree,Somewhat agree,Strongly agree,Very typical of me,Very typical of me,Very typical of me,3,Very typical of me,22,Woman,-99,No,No,No,Yes,No,No,No,Pass,Pass,0,1,Some financial stress,Woman,Slightly agree,42.625,95,48.75,61.5,0,4.6,6,Several of the days,0.6666666666666666,Not at all,1.6666666666666667
13885502320,13885503123,Strongly disagree,Nearly every day,Agree,Agree,Slightly agree,Slightly agree,Slightly agree,Slightly agree,0,1,0,85,75,75,5,25,60,100,60,15,100,50,78,61,5,5,10,20,35,10,19,66,Not at all,Not at all,Not at all,Not at all,Not at all,Not at all,Not at all,Not at all,Not at all,Not at all,Not at all,Not at all,Not at all,Somewhat agree,Somewhat agree,Somewhat agree,Not at all typical of me,Not at all typical of me,Not at all typical of me,Not at all typical of me,Not at all typical of me,50,Woman,-99,No,No,No,No,No,Yes,No,Pass,Pass,0,1,Some financial stress,Woman,5.333333333333333,33.25,58.75,72.25,10,32.5,1,5,Not at all,Not at all,Not at all,Not at all
13885504353,13885504869,Strongly disagree,Nearly every day,Slightly agree,Neither agree nor disagree,Slightly agree,Slightly agree,Slightly agree,Slightly agree,0,0,10,5,0,0,0,0,10,10,4,13,9,5,12,5,6,1,15,6,89,89,68,90,Not at all,Not at all,Not at all,Not at all,Not at all,Not at all,Not at all,Not at all,Not at all,Not at all,Not at all,Not at all,Not at all,Somewhat agree,Neither agree nor disagree,Somewhat agree,Not at all typical of me,Not at all typical of me,2,Not at all typical of me,2,52,Man,-99,No,No,No,No,No,No,No,Pass,Pass,0,0,No financial stress,Man,4.833333333333333,1.875,9.25,7.75,7,84,1.4,4.666666666666667,Not at all,Not at all,Not at all,Not at all
13885415350,13885415703,Strongly disagree,Nearly every day,Agree,Slightly agree,Slightly agree,Slightly agree,Agree,Slightly agree,71,4,51,100,5,75,93,99,100,100,76,100,85,54,26,100,55,15,44,43,0,0,0,85,Several of the days,Several of the days,Several of the days,Several of the days,Several of the days,Not at all,Not at all,Several of the days,Several of the days,Several of the days,Not at all,Several of the days,Several of the days,Strongly agree,Strongly agree,Strongly agree,4,Very typical of me,Very typical of me,Very typical of me,Very typical of me,22,Woman,-99,No,No,Yes,No,No,Yes,No,Pass,Pass,0,2,Some financial stress,Woman,5.333333333333333,62.25,94,66.25,39.25,21.25,4.8,7,Several of the days,0.3333333333333333,Several of the days,0.6666666666666666
13885504788,13885505254,Strongly disagree,Nearly every day,Agree,Agree,Agree,Agree,Agree,Agree,0,0,0,60,0,0,30,40,65,75,65,75,60,60,60,60,65,40,65,34,21,21,21,51,Several of the days,Not at all,Not at all,Not at all,Several of the days,Several of the days,Several of the days,Not at all,Not at all,Not at all,Not at all,Not at all,Not at all,Agree,Agree,Agree,Not at all typical of me,2,3,Not at all typical of me,3,34,Man,-99,No,No,No,Yes,No,No,No,Pass,Pass,0,1,Some financial stress,Man,Agree,16.25,70,60,51,28.5,2,6,0.25,Several of the days,Not at all,Not at all
13885415531,13885416039,Strongly disagree,Nearly every day,Agree,Slightly agree,Agree,Agree,Slightly agree,Slightly agree,0,0,0,19,14,0,35,25,100,100,100,100,100,100,100,100,94,84,100,100,28,28,41,42,Several of the days,Not at all,Several of the days,Several of the days,Not at all,Not at all,Not at all,Several of the days,Several of the days,Several of the days,Several of the days,Several of the days,Several of the days,Strongly agree,Strongly agree,Strongly agree,4,Very typical of me,Very typical of me,Very typical of me,Very typical of me,24,Woman,-99,No,No,No,Yes,No,Yes,Yes,Pass,Pass,0,3,Some financial stress,Woman,5.5,11.625,100,100,94.5,34.75,4.8,7,0.75,Not at all,Several of the days,Several of the days
13885415408,13885416010,Strongly disagree,Nearly every day,Disagree,Disagree,Agree,Agree,Disagree,Disagree,0,30,30,15,0,50,0,0,65,75,65,75,80,40,80,40,70,65,65,65,30,30,30,0,Several of the days,Several of the days,Several of the days,Not at all,Several of the days,Several of the days,Several of the days,Not at all,Not at all,Several of the days,Not at all,Not at all,Not at all,Agree,Agree,Agree,3,3,4,3,2,22,Man,-99,No,No,Yes,Yes,No,No,No,Pass,Pass,0,2,Some financial stress,Man,3.3333333333333335,15.625,70,60,66.25,22.5,3,6,0.75,Several of the days,0.3333333333333333,Not at all
13885501072,13885501783,Strongly disagree,Nearly every day,Agree,Agree,Strongly agree,Strongly agree,Agree,Agree,0,20,50,75,8,31,70,86,60,80,50,60,75,10,14,5,3,0,12,20,75,80,50,90,Not at all,Not at all,Not at all,Not at all,Not at all,Not at all,Not at all,Not at all,Not at all,Not at all,Several of the days,Not at all,Not at all,Agree,Neither agree nor disagree,Neither agree nor disagree,Not at all typical of me,2,Not at all typical of me,Not at all typical of me,3,41,Man,-99,No,No,No,No,No,No,No,Pass,Pass,0,0,No financial stress,Man,6.333333333333333,42.5,62.5,26,8.75,73.75,1.6,4.666666666666667,Not at all,Not at all,Not at all,0.3333333333333333
13885504378,13885504718,Strongly disagree,Nearly every day,Disagree,Disagree,Disagree,Disagree,Disagree,Disagree,0,0,0,0,0,0,0,0,0,0,0,0,0,0,0,0,0,0,0,0,0,0,0,0,Not at all,Not at all,Not at all,Not at all,Not at all,Not at all,Not at all,Not at all,Not at all,Not at all,Not at all,Not at all,Not at all,Disagree,Disagree,Disagree,Very typical of me,Very typical of me,Very typical of me,Very typical of me,Very typical of me,47,Woman,-99,No,No,No,No,No,Yes,No,Pass,Pass,0,1,Some financial stress,Woman,Disagree,0,0,0,0,0,5,2,Not at all,Not at all,Not at all,Not at all
13885501160,13885501545,Strongly disagree,Nearly every day,Agree,Slightly agree,Slightly agree,Agree,Agree,Agree,0,50,85,100,75,23,100,3,0,20,20,20,20,1,0,35,0,0,50,35,40,40,40,60,Several of the days,Not at all,Not at all,Not at all,Several of the days,Not at all,Not at all,Not at all,Not at all,Not at all,Several of the days,Several of the days,Several of the days,Somewhat agree,Somewhat agree,Somewhat agree,2,2,3,4,3,35,Woman,-99,No,No,Yes,No,Yes,No,Yes,Pass,Pass,0,3,Some financial stress,Woman,5.666666666666667,54.5,15,14,21.25,45,2.8,5,0.25,0.3333333333333333,Not at all,Several of the days
13885503331,13885503754,Strongly disagree,Nearly every day,Agree,Slightly agree,Slightly agree,Agree,Slightly agree,Neither agree nor disagree,0,0,10,30,20,1,29,48,18,58,1,31,44,20,21,4,5,0,54,7,0,5,0,0,Several of the days,Over half the days,Over half the days,Several of the days,Not at all,Not at all,Several of the days,Over half the days,Over half the days,Several of the days,Several of the days,Several of the days,Over half the days,Agree,Neither agree nor disagree,Neither agree nor disagree,4,Very typical of me,3,4,4,38,Woman,-99,No,No,No,Yes,No,Yes,No,Pass,Pass,0,2,Some financial stress,Woman,5.166666666666667,17.25,27,22.25,16.5,1.25,4,4.666666666666667,1.5,0.3333333333333333,1.6666666666666667,1.3333333333333333
13885504731,13885505259,Strongly disagree,Nearly every day,Agree,Slightly agree,Agree,Agree,Slightly disagree,Slightly disagree,0,0,0,0,0,0,0,0,10,30,10,30,0,0,0,0,0,0,0,10,60,60,50,40,Not at all,Not at all,Not at all,Not at all,Not at all,Not at all,Not at all,Not at all,Not at all,Not at all,Several of the days,Several of the days,Several of the days,Somewhat agree,Somewhat disagree,Agree,Not at all typical of me,Not at all typical of me,Not at all typical of me,Not at all typical of me,Not at all typical of me,53,Man,-99,No,No,No,No,No,Yes,No,Pass,Pass,0,1,Some financial stress,Man,4.833333333333333,0,20,0,2.5,52.5,1,4.666666666666667,Not at all,Not at all,Not at all,Several of the days
13885500666,13885501711,Strongly disagree,Nearly every day,Strongly agree,Strongly agree,Strongly agree,Strongly agree,Strongly agree,Strongly agree,0,0,75,100,100,75,100,100,80,95,95,80,100,100,100,100,45,15,100,75,50,50,50,75,Several of the days,Not at all,Not at all,Several of the days,Several of the days,Not at all,Several of the days,Not at all,Not at all,Not at all,Not at all,Over half the days,Several of the days,Strongly agree,Strongly agree,Strongly agree,3,3,4,2,4,50,Man,-99,No,Yes,No,Yes,No,Yes,Yes,Pass,Pass,0,4,Some financial stress,Man,Strongly agree,68.75,87.5,100,58.75,56.25,3.2,7,0.5,0.6666666666666666,Not at all,Several of the days
13885504147,13885504445,Strongly disagree,Nearly every day,Neither agree nor disagree,Slightly agree,Slightly agree,Slightly agree,Slightly agree,Slightly agree,8,0,62,82,62,41,51,24,92,91,94,96,79,45,82,67,90,69,80,86,37,34,26,26,Over half the days,Over half the days,Over half the days,Over half the days,Several of the days,Several of the days,Not at all,Over half the days,Over half the days,Over half the days,Several of the days,Several of the days,Several of the days,Agree,Agree,Agree,4,4,4,4,4,22,Woman,-99,No,No,Yes,Yes,No,Yes,No,Pass,Pass,0,3,Some financial stress,Woman,4.833333333333333,41.25,93.25,68.25,81.25,30.75,4,6,Over half the days,0.6666666666666666,Over half the days,Several of the days
13885501869,13885502493,Strongly disagree,Nearly every day,Slightly agree,Disagree,Slightly agree,Slightly agree,Strongly disagree,Strongly disagree,0,0,0,30,0,0,20,10,70,80,70,80,20,15,15,15,50,15,40,25,0,0,0,0,Several of the days,Not at all,Several of the days,Not at all,Not at all,Not at all,Not at all,Not at all,Not at all,Not at all,Not at all,Not at all,Several of the days,Strongly agree,Strongly agree,Strongly agree,Very typical of me,Very typical of me,Very typical of me,Very typical of me,Very typical of me,22,Woman,-99,No,No,No,No,No,No,No,Pass,Pass,0,0,No financial stress,Woman,3.1666666666666665,7.5,75,16.25,32.5,0,5,7,0.5,Not at all,Not at all,0.3333333333333333
13885504308,13885504555,Strongly disagree,Nearly every day,Slightly agree,Neither agree nor disagree,Agree,Strongly agree,Slightly agree,Slightly agree,76,15,30,49,4,16,17,44,50,51,50,58,32,0,0,0,2,17,30,12,29,45,30,45,Several of the days,Not at all,Not at all,Not at all,Not at all,Several of the days,Over half the days,Not at all,Not at all,Not at all,Several of the days,Not at all,Not at all,Neither agree nor disagree,Neither agree nor disagree,Somewhat agree,Not at all typical of me,2,Not at all typical of me,2,2,20,Man,-99,No,Yes,No,No,No,Yes,Yes,Pass,Pass,0,3,Some financial stress,Man,5.333333333333333,31.375,52.25,8,15.25,37.25,1.6,4.333333333333333,0.25,Several of the days,Not at all,0.3333333333333333
13885416732,13885417337,Strongly disagree,Nearly every day,Agree,Slightly agree,Agree,Agree,Slightly agree,Slightly agree,10,0,20,20,0,0,0,10,60,60,40,60,30,30,0,20,20,10,20,10,5,2,2,20,Several of the days,Not at all,Several of the days,Several of the days,Not at all,Not at all,Not at all,Not at all,Not at all,Not at all,Over half the days,Several of the days,Several of the days,Agree,Agree,Agree,4,3,Very typical of me,Very typical of me,4,33,Woman,-99,No,No,No,No,Yes,Yes,No,Pass,Pass,0,2,Some financial stress,Woman,5.5,7.5,55,20,15,7.25,4.2,6,0.75,Not at all,Not at all,1.3333333333333333
13885503759,13885504120,Strongly disagree,Nearly every day,Agree,Agree,Slightly agree,Agree,Slightly agree,Slightly agree,0,0,66,99,0,0,64,64,70,71,74,78,100,100,99,100,0,0,81,79,0,18,0,79,Not at all,Not at all,Not at all,Not at all,Not at all,Not at all,Not at all,Not at all,Not at all,Not at all,Not at all,Not at all,Not at all,Strongly agree,Agree,Agree,Very typical of me,Very typical of me,Very typical of me,Very typical of me,Very typical of me,34,Woman,-99,Yes,Yes,Yes,No,Yes,Yes,Yes,Pass,Pass,0,6,Some financial stress,Woman,5.5,36.625,73.25,99.75,40,24.25,5,6.333333333333333,Not at all,Not at all,Not at all,Not at all
13885502756,13885503214,Strongly disagree,Nearly every day,Slightly agree,Slightly disagree,Agree,Strongly agree,Neither agree nor disagree,Neither agree nor disagree,0,0,0,0,10,0,0,0,55,62,54,62,6,4,4,8,3,3,2,2,56,63,1,9,Not at all,Not at all,Not at all,Not at all,Not at all,Not at all,Not at all,Not at all,Not at all,Not at all,Not at all,Not at all,Not at all,Somewhat agree,Neither agree nor disagree,Somewhat disagree,Not at all typical of me,2,2,Not at all typical of me,2,18,Man,-99,No,No,No,No,No,No,No,Pass,Pass,0,0,No financial stress,Man,4.833333333333333,1.25,58.25,5.5,2.5,32.25,1.6,4,Not at all,Not at all,Not at all,Not at all
13885504659,13885505348,Strongly disagree,Nearly every day,Slightly agree,Neither agree nor disagree,Slightly disagree,Neither agree nor disagree,Neither agree nor disagree,Neither agree nor disagree,0,0,0,6,0,0,90,0,94,94,94,94,94,94,94,94,94,94,94,94,8,8,8,8,Not at all,Not at all,Not at all,Not at all,Not at all,Not at all,Not at all,Not at all,Not at all,Not at all,Not at all,Several of the days,Not at all,Strongly agree,Strongly agree,Strongly agree,4,4,4,Very typical of me,4,19,Woman,-99,No,No,No,No,No,No,No,Pass,Pass,0,0,No financial stress,Woman,Neither agree nor disagree,12,94,94,94,8,4.2,7,Not at all,Not at all,Not at all,0.3333333333333333
13885504391,13885505019,Strongly disagree,Nearly every day,Slightly agree,Slightly agree,Slightly agree,Slightly agree,Slightly agree,Slightly agree,0,0,0,51,0,10,0,0,0,23,0,0,0,0,0,0,0,0,0,0,12,12,11,24,Not at all,Not at all,Not at all,Not at all,Not at all,Not at all,Not at all,Not at all,Not at all,Not at all,Not at all,Not at all,Not at all,Neither agree nor disagree,Neither agree nor disagree,Neither agree nor disagree,4,4,4,Very typical of me,4,67,Man,-99,No,No,No,No,No,No,No,Pass,Pass,0,0,No financial stress,Man,Slightly agree,7.625,5.75,0,0,14.75,4.2,4,Not at all,Not at all,Not at all,Not at all
13885504810,13885505315,Strongly disagree,Nearly every day,Strongly disagree,Strongly disagree,Strongly disagree,Strongly disagree,Strongly disagree,Strongly disagree,0,0,0,35,0,0,0,10,0,0,0,0,0,27,60,0,0,0,0,3,39,31,5,60,Not at all,Not at all,Not at all,Not at all,Not at all,Not at all,Not at all,Not at all,Not at all,Not at all,Not at all,Not at all,Not at all,Strongly disagree,Somewhat agree,Somewhat agree,3,3,3,4,3,48,Man,-99,No,No,No,No,No,No,No,Pass,Pass,0,0,No financial stress,Man,Strongly disagree,5.625,0,21.75,0.75,33.75,3.2,3.6666666666666665,Not at all,Not at all,Not at all,Not at all
13885504463,13885504846,Strongly disagree,Nearly every day,Slightly disagree,Slightly disagree,Slightly agree,Slightly agree,Slightly agree,Slightly agree,0,3,0,0,0,0,0,0,31,31,30,32,0,1,0,0,0,0,33,30,0,0,0,0,Not at all,Not at all,Not at all,Not at all,Not at all,Not at all,Not at all,Not at all,Not at all,Not at all,Not at all,Not at all,Not at all,Somewhat disagree,Somewhat agree,Somewhat agree,4,4,4,4,4,70,Woman,-99,No,No,No,No,No,No,No,Pass,Pass,0,0,No financial stress,Woman,4.333333333333333,0.375,31,0.25,15.75,0,4,4.333333333333333,Not at all,Not at all,Not at all,Not at all
13885504512,13885505376,Strongly disagree,Nearly every day,Strongly disagree,Strongly disagree,Strongly disagree,Disagree,Disagree,Disagree,0,0,0,100,0,0,0,0,0,0,0,0,0,1,0,0,0,0,0,0,0,0,0,0,Not at all,Not at all,Not at all,Not at all,Not at all,Not at all,Not at all,Not at all,Not at all,Not at all,Not at all,Not at all,Not at all,Neither agree nor disagree,Neither agree nor disagree,Neither agree nor disagree,Not at all typical of me,Not at all typical of me,Not at all typical of me,Not at all typical of me,Not at all typical of me,59,Woman,-99,No,No,No,No,No,No,No,Pass,Pass,0,0,No financial stress,Woman,1.5,12.5,0,0.25,0,0,1,4,Not at all,Not at all,Not at all,Not at all
13885503022,13885503513,Strongly disagree,Nearly every day,Slightly agree,Slightly disagree,Slightly agree,Slightly agree,Slightly disagree,Slightly disagree,0,0,100,50,0,0,100,25,50,50,50,50,75,75,75,75,25,25,40,60,5,5,5,5,Several of the days,Not at all,Not at all,Several of the days,Not at all,Not at all,Not at all,Not at all,Not at all,Several of the days,Several of the days,Several of the days,Over half the days,Somewhat agree,Agree,Strongly agree,2,3,4,3,4,24,Man,-99,No,No,Yes,Yes,No,Yes,No,Pass,Pass,0,3,Some financial stress,Man,Neither agree nor disagree,34.375,50,75,37.5,5,3.2,6,0.5,Not at all,0.3333333333333333,1.3333333333333333
13885504503,13885505090,Strongly disagree,Nearly every day,Strongly agree,Agree,Agree,Agree,Agree,Agree,0,0,70,68,5,16,0,38,71,84,61,65,74,15,51,20,55,61,61,68,6,8,15,43,Over half the days,Several of the days,Several of the days,Several of the days,Several of the days,Several of the days,Several of the days,Not at all,Several of the days,Not at all,Several of the days,Several of the days,Nearly every day,Neither agree nor disagree,Somewhat agree,Somewhat agree,4,3,3,3,4,22,Man,-99,Yes,No,Yes,Yes,No,No,No,Pass,Pass,0,3,Some financial stress,Man,6.166666666666667,24.625,70.25,40,61.25,18,3.4,4.666666666666667,1.25,Several of the days,0.3333333333333333,1.6666666666666667
13885502494,13885502929,Strongly disagree,Nearly every day,Agree,Slightly agree,Strongly agree,Strongly agree,Agree,Agree,10,0,78,79,10,28,23,24,90,100,87,90,95,100,100,100,83,46,100,99,0,0,0,51,Several of the days,Several of the days,Several of the days,Over half the days,Not at all,Not at all,Not at all,Several of the days,Several of the days,Several of the days,Over half the days,Several of the days,Several of the days,Somewhat agree,Agree,Agree,4,Very typical of me,Very typical of me,Very typical of me,Very typical of me,36,Woman,-99,No,No,Yes,No,No,Yes,No,Pass,Pass,0,2,Some financial stress,Woman,6.166666666666667,31.5,91.75,98.75,82,12.75,4.8,5.666666666666667,1.25,Not at all,Several of the days,1.3333333333333333
13885504517,13885505777,Strongly disagree,Nearly every day,Agree,Agree,Neither agree nor disagree,Agree,Agree,Agree,0,0,0,32,39,0,0,0,0,63,0,11,85,46,64,45,0,0,68,67,15,14,10,48,Not at all,Not at all,Not at all,Not at all,Not at all,Not at all,Not at all,Not at all,Not at all,Not at all,Not at all,Not at all,Not at all,Somewhat agree,Neither agree nor disagree,Neither agree nor disagree,2,Not at all typical of me,2,Not at all typical of me,2,63,Man,-99,No,No,No,No,No,No,No,Pass,Pass,0,0,No financial stress,Man,5.666666666666667,8.875,18.5,60,33.75,21.75,1.6,4.333333333333333,Not at all,Not at all,Not at all,Not at all
13885501975,13885502425,Strongly disagree,Nearly every day,Slightly agree,Agree,Strongly agree,Strongly agree,Strongly agree,Strongly agree,0,0,100,30,0,5,10,20,100,100,100,100,100,100,100,100,90,85,90,100,85,20,50,95,Several of the days,Several of the days,Several of the days,Not at all,Not at all,Several of the days,Not at all,Several of the days,Several of the days,Several of the days,Several of the days,Several of the days,Several of the days,Strongly agree,Strongly agree,Strongly agree,Very typical of me,Very typical of me,Very typical of me,Very typical of me,Very typical of me,29,Woman,-99,No,No,No,No,No,No,No,Pass,Pass,0,0,No financial stress,Woman,6.5,20.625,100,100,91.25,62.5,5,7,0.75,0.3333333333333333,Several of the days,Several of the days
13885502607,13885504219,Strongly disagree,Nearly every day,Slightly disagree,Disagree,Strongly disagree,Slightly agree,Slightly disagree,Disagree,0,0,20,50,0,15,80,51,16,31,24,11,47,28,9,3,97,13,19,9,0,0,0,3,Over half the days,Several of the days,Several of the days,Several of the days,Several of the days,Not at all,Not at all,Several of the days,Several of the days,Several of the days,Several of the days,Several of the days,Several of the days,Agree,Somewhat agree,Somewhat agree,2,3,4,3,3,19,Man,-99,No,No,No,No,No,No,No,Pass,Pass,0,0,No financial stress,Man,2.6666666666666665,27,20.5,21.75,34.5,0.75,3,5.333333333333333,1.25,0.3333333333333333,Several of the days,Several of the days
13885503545,13885504008,Strongly disagree,Nearly every day,Agree,Agree,Strongly agree,Strongly agree,Strongly agree,Strongly agree,0,0,20,41,0,13,0,0,6,22,5,17,57,3,32,3,2,0,5,33,2,3,1,46,Not at all,Not at all,Not at all,Not at all,Not at all,Several of the days,Not at all,Not at all,Not at all,Not at all,Several of the days,Several of the days,Several of the days,Strongly agree,Somewhat agree,Strongly agree,4,3,4,2,4,19,Woman,-99,Yes,No,Yes,Yes,No,Yes,No,Pass,Pass,0,4,Some financial stress,Woman,6.666666666666667,9.25,12.5,23.75,10,13,3.4,6.333333333333333,Not at all,0.3333333333333333,Not at all,Several of the days
13885501183,13885501506,Strongly disagree,Nearly every day,Slightly agree,Slightly disagree,Slightly disagree,Agree,Slightly disagree,Slightly disagree,0,0,0,100,0,0,0,100,100,100,100,100,100,100,100,100,100,100,100,100,36,35,30,65,Several of the days,Not at all,Several of the days,Several of the days,Not at all,Not at all,Not at all,Not at all,Not at all,Several of the days,Several of the days,Several of the days,Several of the days,Strongly agree,Strongly agree,Strongly agree,4,4,4,3,3,38,Woman,-99,No,No,Yes,No,No,No,No,Pass,Pass,0,1,Some financial stress,Woman,3.8333333333333335,25,100,100,100,41.5,3.6,7,0.75,Not at all,0.3333333333333333,Several of the days
13885503668,13885504225,Strongly disagree,Nearly every day,Slightly agree,Agree,Agree,Agree,Agree,Agree,0,0,75,50,25,0,0,0,25,90,25,35,100,40,71,40,48,44,51,32,0,0,0,10,Several of the days,Not at all,Not at all,Not at all,Not at all,Not at all,Not at all,Not at all,Not at all,Not at all,Several of the days,Several of the days,Several of the days,Agree,Agree,Agree,3,3,3,2,3,55,Man,-99,No,No,No,No,No,No,No,Pass,Pass,0,0,No financial stress,Man,5.833333333333333,18.75,43.75,62.75,43.75,2.5,2.8,6,0.25,Not at all,Not at all,Several of the days
13885504628,13885505438,Strongly disagree,Nearly every day,Slightly agree,Slightly agree,Slightly agree,Agree,Slightly agree,Slightly agree,0,0,90,50,20,50,50,20,70,80,70,50,80,80,60,60,80,50,80,80,20,10,10,50,Several of the days,Not at all,Not at all,Several of the days,Not at all,Not at all,Not at all,Not at all,Not at all,Not at all,Several of the days,Several of the days,Several of the days,Somewhat agree,Somewhat agree,Somewhat agree,2,2,2,Not at all typical of me,2,39,Man,-99,Yes,Yes,Yes,Yes,Yes,Yes,Yes,Pass,Pass,0,7,Some financial stress,Man,5.166666666666667,35,67.5,70,72.5,22.5,1.8,5,0.5,Not at all,Not at all,Several of the days
13885503339,13885503893,Strongly disagree,Nearly every day,Disagree,Disagree,Disagree,Strongly disagree,Strongly disagree,Disagree,0,0,0,32,0,5,0,5,0,0,0,0,25,25,40,0,0,70,0,80,0,0,0,0,Not at all,Not at all,Not at all,Not at all,Not at all,Not at all,Not at all,Not at all,Not at all,Not at all,Not at all,Not at all,Not at all,Disagree,Neither agree nor disagree,Neither agree nor disagree,2,4,Very typical of me,4,4,40,Man,-99,No,No,Yes,No,No,No,No,Pass,Pass,0,1,Some financial stress,Man,1.6666666666666667,5.25,0,22.5,37.5,0,3.8,3.3333333333333335,Not at all,Not at all,Not at all,Not at all
13885504304,13885505056,Strongly disagree,Nearly every day,Agree,Agree,Agree,Agree,Agree,Agree,0,0,100,100,0,100,100,100,30,100,60,100,45,41,36,39,63,2,100,38,0,0,0,41,Several of the days,Several of the days,Several of the days,Several of the days,Several of the days,Several of the days,Several of the days,Several of the days,Several of the days,Several of the days,Several of the days,Several of the days,Several of the days,Somewhat agree,Somewhat agree,Strongly agree,Very typical of me,Very typical of me,Very typical of me,Very typical of me,Very typical of me,36,Woman,-99,No,Yes,No,Yes,No,Yes,No,Pass,Pass,0,3,Some financial stress,Woman,Agree,62.5,72.5,40.25,50.75,10.25,5,5.666666666666667,Several of the days,Several of the days,Several of the days,Several of the days
13885504839,13885505344,Strongly disagree,Nearly every day,Agree,Slightly agree,Slightly agree,Slightly agree,Slightly agree,Slightly agree,0,15,80,90,70,5,62,47,53,65,57,70,73,81,77,73,15,2,10,64,37,42,45,75,Not at all,Not at all,Not at all,Not at all,Not at all,Not at all,Not at all,Not at all,Not at all,Not at all,Several of the days,Several of the days,Several of the days,Agree,Agree,Strongly agree,2,2,3,2,2,24,Man,-99,No,No,No,Yes,No,Yes,No,Pass,Pass,0,2,Some financial stress,Man,5.166666666666667,46.125,61.25,76,22.75,49.75,2.2,6.333333333333333,Not at all,Not at all,Not at all,Several of the days
13885504786,13885505106,Strongly disagree,Nearly every day,Disagree,Disagree,Disagree,Agree,Disagree,Disagree,0,0,0,40,0,0,0,0,10,45,20,20,48,26,39,25,0,0,0,26,0,0,0,0,Not at all,Not at all,Not at all,Not at all,Several of the days,Several of the days,Not at all,Not at all,Not at all,Not at all,Not at all,Not at all,Not at all,Agree,Agree,Agree,Not at all typical of me,Not at all typical of me,Not at all typical of me,Not at all typical of me,Not at all typical of me,41,Woman,-99,No,No,No,No,No,Yes,No,Pass,Pass,0,1,Some financial stress,Woman,2.6666666666666665,5,23.75,34.5,6.5,0,1,6,Not at all,0.6666666666666666,Not at all,Not at all
13885507089,13885507504,Strongly disagree,Nearly every day,Agree,Slightly agree,Agree,Agree,Slightly agree,Slightly agree,0,26,0,26,7,7,67,8,70,88,81,81,96,81,88,88,69,49,97,82,60,50,52,66,Not at all,Not at all,Not at all,Not at all,Not at all,Not at all,Not at all,Not at all,Not at all,Not at all,Several of the days,Several of the days,Several of the days,Agree,Agree,Somewhat agree,Very typical of me,4,Very typical of me,Very typical of me,Very typical of me,43,Woman,-99,Yes,Yes,No,Yes,Yes,Yes,No,Pass,Pass,0,5,Some financial stress,Woman,5.5,17.625,80,88.25,74.25,57,4.8,5.666666666666667,Not at all,Not at all,Not at all,Several of the days
13885504663,13885505478,Strongly disagree,Nearly every day,Strongly agree,Agree,Agree,Agree,Agree,Strongly agree,9,0,37,44,24,10,33,15,98,100,95,67,69,89,30,93,24,20,49,61,27,34,33,64,Over half the days,Over half the days,Over half the days,Several of the days,Several of the days,Several of the days,Not at all,Several of the days,Several of the days,Several of the days,Several of the days,Several of the days,Several of the days,Strongly agree,Agree,Agree,3,4,4,3,4,27,Woman,-99,No,No,No,No,No,No,No,Pass,Pass,0,0,No financial stress,Woman,6.333333333333333,21.5,90,70.25,38.5,39.5,3.6,6.333333333333333,1.75,0.6666666666666666,Several of the days,Several of the days
13885500399,13885500831,Strongly disagree,Nearly every day,Slightly agree,Neither agree nor disagree,Agree,Agree,Slightly agree,Slightly agree,0,0,8,31,0,0,0,0,77,63,84,26,28,0,0,0,0,0,21,24,0,45,0,0,Several of the days,Several of the days,Several of the days,Several of the days,Not at all,Not at all,Not at all,Several of the days,Not at all,Not at all,Not at all,Not at all,Several of the days,Neither agree nor disagree,Somewhat disagree,Neither agree nor disagree,Very typical of me,4,Very typical of me,Very typical of me,Very typical of me,22,Woman,-99,Yes,Yes,Yes,Yes,Yes,Yes,No,Pass,Pass,0,6,Some financial stress,Woman,5.166666666666667,4.875,62.5,7,11.25,11.25,4.8,3.6666666666666665,Several of the days,Not at all,0.3333333333333333,0.3333333333333333
13885415527,13885416818,Strongly disagree,Nearly every day,Disagree,Strongly disagree,Slightly disagree,Disagree,Slightly disagree,Disagree,0,0,47,72,20,10,9,42,79,59,63,59,91,91,90,95,49,29,42,42,13,11,8,12,Not at all,Not at all,Not at all,Not at all,Not at all,Not at all,Not at all,Not at all,Not at all,Not at all,Not at all,Not at all,Not at all,Agree,Strongly agree,Agree,2,2,3,2,Not at all typical of me,26,Man,-99,Yes,Yes,Yes,Yes,No,Yes,Yes,Pass,Pass,0,6,Some financial stress,Man,2.1666666666666665,25,65,91.75,40.5,11,2,6.333333333333333,Not at all,Not at all,Not at all,Not at all
13885502634,13885503236,Strongly disagree,Nearly every day,Agree,Disagree,Strongly agree,Strongly agree,Slightly agree,Slightly agree,15,20,100,100,25,0,50,0,7,68,10,19,74,71,32,59,26,42,40,47,28,23,9,69,Not at all,Not at all,Not at all,Not at all,Not at all,Not at all,Not at all,Not at all,Not at all,Not at all,Several of the days,Several of the days,Several of the days,Strongly agree,Strongly agree,Strongly agree,Not at all typical of me,Not at all typical of me,2,Not at all typical of me,Not at all typical of me,39,Woman,-99,No,No,No,No,No,No,No,Pass,Pass,0,0,No financial stress,Woman,5.333333333333333,38.75,26,59,38.75,32.25,1.2,7,Not at all,Not at all,Not at all,Several of the days
13885504226,13885505111,Strongly disagree,Nearly every day,Slightly agree,Slightly agree,Strongly disagree,Slightly agree,Slightly agree,Slightly agree,0,0,0,60,55,0,100,70,100,100,100,100,100,100,100,100,100,100,100,100,0,0,0,0,Several of the days,Several of the days,Several of the days,Several of the days,Not at all,Not at all,Not at all,Several of the days,Not at all,Several of the days,Several of the days,Several of the days,Several of the days,Strongly agree,Strongly agree,Strongly agree,Very typical of me,Very typical of me,Very typical of me,Very typical of me,Very typical of me,21,Woman,-99,No,No,No,No,No,No,No,Pass,Pass,0,0,No financial stress,Woman,4.333333333333333,35.625,100,100,100,0,5,7,Several of the days,Not at all,0.6666666666666666,Several of the days
13885505312,13885505802,Strongly disagree,Nearly every day,Slightly agree,Neither agree nor disagree,Slightly disagree,Neither agree nor disagree,Neither agree nor disagree,Neither agree nor disagree,0,51,81,100,36,33,100,53,78,94,78,85,100,100,100,100,81,55,93,94,51,53,39,87,Several of the days,Not at all,Not at all,Several of the days,Not at all,Not at all,Several of the days,Not at all,Not at all,Not at all,Several of the days,Several of the days,Not at all,Strongly agree,Strongly agree,Agree,4,Very typical of me,4,Very typical of me,Very typical of me,23,Woman,-99,No,No,No,No,No,No,No,Pass,Pass,0,0,No financial stress,Woman,Neither agree nor disagree,56.75,83.75,100,80.75,57.5,4.6,6.666666666666667,0.5,0.3333333333333333,Not at all,0.6666666666666666
13885504597,13885505894,Strongly disagree,Nearly every day,Slightly disagree,Slightly disagree,Agree,Agree,Slightly disagree,Agree,0,28,37,76,65,74,81,76,70,84,60,78,64,69,48,68,20,16,56,52,0,0,0,36,Several of the days,Several of the days,Several of the days,Several of the days,Several of the days,Several of the days,Several of the days,Not at all,Not at all,Not at all,Several of the days,Several of the days,Several of the days,Agree,Agree,Agree,4,4,4,4,4,37,Man,-99,Yes,Yes,Yes,Yes,Yes,Yes,Yes,Pass,Pass,0,7,Some financial stress,Man,4.5,54.625,73,62.25,36,9,4,6,Several of the days,Several of the days,Not at all,Several of the days
13885504631,13885504979,Strongly disagree,Nearly every day,Slightly disagree,Disagree,Strongly agree,Strongly agree,Strongly agree,Strongly agree,0,0,0,0,0,0,0,0,67,84,38,36,78,7,6,5,0,0,32,0,62,66,63,0,Not at all,Not at all,Not at all,Not at all,Not at all,Not at all,Not at all,Several of the days,Not at all,Not at all,Not at all,Not at all,Not at all,Strongly disagree,Somewhat agree,Somewhat agree,4,4,4,4,3,21,Man,-99,No,No,No,No,No,No,No,Pass,Pass,0,0,No financial stress,Man,5.5,0,56.25,24,8,47.75,3.8,3.6666666666666665,Not at all,Not at all,0.3333333333333333,Not at all
13885415381,13885415742,Strongly disagree,Nearly every day,Neither agree nor disagree,Slightly disagree,Slightly disagree,Slightly disagree,Neither agree nor disagree,Neither agree nor disagree,0,0,0,5,0,0,0,0,30,70,30,40,85,70,70,70,10,10,10,51,5,4,5,6,Not at all,Not at all,Not at all,Not at all,Not at all,Not at all,Not at all,Not at all,Not at all,Not at all,Not at all,Not at all,Not at all,Neither agree nor disagree,Agree,Agree,2,2,2,2,2,20,Man,-99,No,No,No,No,No,No,No,Pass,Pass,0,0,No financial stress,Man,3.5,0.625,42.5,73.75,20.25,5,2,5.333333333333333,Not at all,Not at all,Not at all,Not at all
13885501629,13885502233,Strongly disagree,Nearly every day,Slightly agree,Slightly agree,Agree,Slightly agree,Agree,Slightly agree,0,0,10,15,5,0,5,0,40,49,40,50,60,20,10,20,25,5,50,20,20,25,10,30,Several of the days,Not at all,Not at all,Several of the days,Not at all,Not at all,Not at all,Not at all,Not at all,Not at all,Not at all,Several of the days,Several of the days,Somewhat agree,Agree,Agree,4,3,4,3,4,71,Woman,-99,No,No,No,No,No,No,No,Pass,Pass,0,0,No financial stress,Woman,5.333333333333333,4.375,44.75,27.5,25,21.25,3.6,5.666666666666667,0.5,Not at all,Not at all,0.6666666666666666
13885504221,13885504844,Strongly disagree,Nearly every day,Agree,Agree,Agree,Agree,Agree,Agree,0,0,100,100,100,100,0,0,75,80,75,75,100,90,90,90,50,0,90,90,25,25,25,90,Not at all,Not at all,Not at all,Not at all,Not at all,Not at all,Not at all,Not at all,Not at all,Not at all,Not at all,Not at all,Not at all,Strongly agree,Agree,Strongly agree,3,3,4,3,3,54,Man,-99,No,No,No,No,No,No,No,Pass,Pass,0,0,No financial stress,Man,Agree,50,76.25,92.5,57.5,41.25,3.2,6.666666666666667,Not at all,Not at all,Not at all,Not at all
13885504678,13885506465,Strongly disagree,Nearly every day,Disagree,Disagree,Agree,Agree,Disagree,Disagree,0,0,0,48,0,0,50,0,82,81,82,82,90,88,91,88,88,45,49,60,23,23,21,47,Not at all,Not at all,Several of the days,Several of the days,Not at all,Several of the days,Several of the days,Not at all,Not at all,Not at all,Not at all,Not at all,Not at all,Agree,Agree,Agree,4,4,4,4,4,28,Man,-99,No,No,No,No,No,No,No,Pass,Pass,0,0,No financial stress,Man,3.3333333333333335,12.25,81.75,89.25,60.5,28.5,4,6,0.5,0.6666666666666666,Not at all,Not at all
13885502891,13885503136,Strongly disagree,Nearly every day,Disagree,Strongly disagree,Slightly agree,Slightly disagree,Disagree,Slightly disagree,0,0,0,19,0,0,0,0,55,63,54,54,71,52,74,57,19,29,31,12,30,26,16,27,Several of the days,Not at all,Not at all,Not at all,Not at all,Not at all,Not at all,Not at all,Not at all,Not at all,Not at all,Not at all,Not at all,Agree,Agree,Agree,4,4,4,4,4,21,Man,-99,No,No,No,No,No,Yes,No,Pass,Pass,0,1,Some financial stress,Man,2.6666666666666665,2.375,56.5,63.5,22.75,24.75,4,6,0.25,Not at all,Not at all,Not at all
13885504394,13885505525,Strongly disagree,Nearly every day,Agree,Slightly agree,Slightly agree,Slightly agree,Agree,Slightly agree,0,0,22,0,0,0,0,0,61,77,63,77,57,53,51,74,45,43,21,34,76,70,76,74,Not at all,Not at all,Not at all,Not at all,Not at all,Not at all,Not at all,Not at all,Not at all,Not at all,Not at all,Not at all,Not at all,Agree,Somewhat agree,Somewhat agree,3,3,3,3,4,42,Woman,-99,No,No,No,No,No,No,No,Pass,Pass,0,0,No financial stress,Woman,5.333333333333333,2.75,69.5,58.75,35.75,74,3.2,5.333333333333333,Not at all,Not at all,Not at all,Not at all
13885503994,13885504484,Strongly disagree,Nearly every day,Agree,Slightly agree,Disagree,Slightly disagree,Slightly agree,Slightly disagree,0,0,75,90,70,74,70,0,90,100,90,100,80,100,85,93,65,10,34,100,40,9,14,62,Several of the days,Not at all,Not at all,Not at all,Several of the days,Several of the days,Not at all,Not at all,Not at all,Not at all,Over half the days,Several of the days,Several of the days,Strongly agree,Strongly agree,Strongly agree,4,3,2,Very typical of me,Very typical of me,28,Man,-99,No,No,No,No,No,Yes,No,Pass,Pass,0,1,Some financial stress,Man,Neither agree nor disagree,47.375,95,89.5,52.25,31.25,3.8,7,0.25,0.6666666666666666,Not at all,1.3333333333333333
13885504926,13885505125,Strongly disagree,Nearly every day,Neither agree nor disagree,Neither agree nor disagree,Neither agree nor disagree,Neither agree nor disagree,Neither agree nor disagree,Neither agree nor disagree,2,1,96,73,10,7,90,1,48,17,40,70,37,3,5,4,73,4,51,2,0,0,0,2,Not at all,Not at all,Not at all,Not at all,Not at all,Not at all,Not at all,Not at all,Not at all,Not at all,Not at all,Not at all,Not at all,Agree,Neither agree nor disagree,Neither agree nor disagree,Not at all typical of me,Not at all typical of me,Not at all typical of me,Not at all typical of me,Not at all typical of me,31,Man,-99,No,No,No,No,No,No,No,Pass,Pass,0,0,No financial stress,Man,Neither agree nor disagree,35,43.75,12.25,32.5,0.5,1,4.666666666666667,Not at all,Not at all,Not at all,Not at all
13885503196,13885503998,Strongly disagree,Nearly every day,Slightly agree,Slightly agree,Slightly agree,Slightly agree,Slightly agree,Slightly agree,0,0,20,75,49,32,100,18,24,72,34,49,43,35,24,38,14,0,35,22,59,46,42,61,Several of the days,Not at all,Several of the days,Several of the days,Not at all,Not at all,Not at all,Not at all,Not at all,Not at all,Not at all,Not at all,Not at all,Agree,Agree,Agree,Very typical of me,4,4,Very typical of me,Very typical of me,44,Woman,-99,No,No,No,No,No,No,No,Pass,Pass,0,0,No financial stress,Woman,Slightly agree,36.75,44.75,35,17.75,52,4.6,6,0.75,Not at all,Not at all,Not at all
13885501984,13885502381,Strongly disagree,Nearly every day,Agree,Agree,Agree,Agree,Agree,Agree,0,0,0,75,70,85,65,15,80,95,80,93,70,65,65,65,60,45,75,45,50,50,47,66,Several of the days,Several of the days,Several of the days,Several of the days,Not at all,Not at all,Not at all,Not at all,Not at all,Not at all,Several of the days,Several of the days,Several of the days,Strongly agree,Strongly agree,Strongly agree,4,4,4,4,4,21,Woman,-99,No,No,No,No,No,No,No,Pass,Pass,0,0,No financial stress,Woman,Agree,38.75,87,66.25,56.25,53.25,4,7,Several of the days,Not at all,Not at all,Several of the days
13885501632,13885502207,Strongly disagree,Nearly every day,Slightly agree,Slightly agree,Slightly agree,Agree,Strongly agree,Agree,0,0,100,50,10,0,0,20,70,100,50,100,100,60,100,50,10,0,10,100,70,25,80,80,Several of the days,Not at all,Not at all,Several of the days,Not at all,Several of the days,Several of the days,Not at all,Not at all,Not at all,Not at all,Not at all,Over half the days,Somewhat agree,Agree,Agree,2,3,4,Not at all typical of me,4,25,Man,-99,No,No,Yes,No,Yes,Yes,No,Pass,Pass,0,3,Some financial stress,Man,5.666666666666667,22.5,80,77.5,30,63.75,2.8,5.666666666666667,0.5,0.6666666666666666,Not at all,0.6666666666666666
13885415443,13885415990,Strongly disagree,Nearly every day,Neither agree nor disagree,Neither agree nor disagree,Agree,Agree,Slightly agree,Agree,0,0,0,0,0,0,0,0,0,0,0,0,0,2,0,0,0,0,0,0,58,49,51,87,Not at all,Not at all,Not at all,Not at all,Not at all,Not at all,Not at all,Not at all,Not at all,Not at all,Not at all,Not at all,Not at all,Disagree,Disagree,Disagree,Not at all typical of me,Not at all typical of me,Not at all typical of me,3,Not at all typical of me,31,Woman,-99,No,No,No,No,No,No,No,Pass,Pass,0,0,No financial stress,Woman,5.166666666666667,0,0,0.5,0,61.25,1.4,2,Not at all,Not at all,Not at all,Not at all
13885504672,13885505046,Strongly disagree,Nearly every day,Strongly agree,Strongly agree,Agree,Agree,Agree,Agree,0,0,25,35,0,26,28,20,36,44,44,62,66,71,71,75,28,9,14,26,7,3,5,51,Several of the days,Not at all,Not at all,Several of the days,Not at all,Not at all,Not at all,Not at all,Not at all,Several of the days,Not at all,Not at all,Several of the days,Agree,Strongly agree,Strongly agree,Not at all typical of me,Not at all typical of me,2,2,3,29,Woman,-99,No,No,No,No,No,No,No,Pass,Pass,0,0,No financial stress,Woman,6.333333333333333,16.75,46.5,70.75,19.25,16.5,1.8,6.666666666666667,0.5,Not at all,0.3333333333333333,0.3333333333333333
13885503468,13885504023,Strongly disagree,Nearly every day,Strongly agree,Neither agree nor disagree,Agree,Agree,Slightly agree,Agree,1,0,0,47,1,0,3,0,58,94,76,66,86,84,84,85,66,82,79,81,5,0,0,65,Not at all,Not at all,Not at all,Several of the days,Not at all,Not at all,Not at all,Not at all,Not at all,Not at all,Not at all,Not at all,Several of the days,Agree,Agree,Agree,2,2,3,2,3,47,Woman,-99,No,No,No,No,No,No,No,Pass,Pass,0,0,No financial stress,Woman,5.666666666666667,6.5,73.5,84.75,77,17.5,2.4,6,0.25,Not at all,Not at all,0.3333333333333333
13885499842,13885500124,Strongly disagree,Nearly every day,Slightly agree,Slightly agree,Slightly disagree,Neither agree nor disagree,Slightly agree,Neither agree nor disagree,0,0,69,90,1,61,1,1,79,79,79,88,79,80,79,56,69,42,57,82,26,25,24,23,Not at all,Several of the days,Several of the days,Not at all,Several of the days,Not at all,Several of the days,Not at all,Not at all,Not at all,Over half the days,Over half the days,Over half the days,Strongly agree,Strongly agree,Strongly agree,3,4,4,2,4,33,Woman,-99,No,No,No,No,No,No,No,Pass,Pass,0,0,No financial stress,Woman,4.333333333333333,27.875,81.25,73.5,62.5,24.5,3.4,7,0.5,0.6666666666666666,Not at all,Over half the days
13885504720,13885505570,Strongly disagree,Nearly every day,Slightly agree,Slightly disagree,Strongly disagree,Slightly disagree,Slightly agree,Slightly disagree,0,0,50,75,50,40,10,70,62,87,61,67,100,72,86,57,69,17,90,90,0,0,0,20,Several of the days,Several of the days,Over half the days,Several of the days,Several of the days,Over half the days,Over half the days,Several of the days,Several of the days,Several of the days,Over half the days,Several of the days,Over half the days,Strongly agree,Strongly agree,Strongly agree,Very typical of me,Very typical of me,4,Very typical of me,Very typical of me,23,Woman,-99,Yes,Yes,Yes,Yes,Yes,Yes,Yes,Pass,Pass,0,7,Some financial stress,Woman,3.3333333333333335,36.875,69.25,78.75,66.5,5,4.8,7,1.25,1.6666666666666667,Several of the days,1.6666666666666667
13885501955,13885502280,Strongly disagree,Nearly every day,Slightly agree,Neither agree nor disagree,Disagree,Disagree,Neither agree nor disagree,Slightly agree,0,0,15,100,56,57,14,17,82,84,82,91,97,97,96,95,66,66,66,67,10,10,11,55,Not at all,Not at all,Not at all,Not at all,Not at all,Not at all,Not at all,Not at all,Not at all,Not at all,Not at all,Not at all,Not at all,Strongly agree,Strongly agree,Strongly agree,Very typical of me,Very typical of me,Very typical of me,Very typical of me,Very typical of me,30,Man,-99,No,No,No,No,No,Yes,No,Pass,Pass,0,1,Some financial stress,Man,3.6666666666666665,32.375,84.75,96.25,66.25,21.5,5,7,Not at all,Not at all,Not at all,Not at all
13885503076,13885503822,Strongly disagree,Nearly every day,Strongly agree,Agree,Slightly agree,Slightly agree,Agree,Agree,50,30,5,30,20,3,60,5,65,71,68,72,74,16,44,19,18,3,10,10,50,33,33,20,Several of the days,Not at all,Not at all,Not at all,Not at all,Not at all,Not at all,Not at all,Not at all,Not at all,Several of the days,Several of the days,Not at all,Somewhat agree,Agree,Agree,Not at all typical of me,Not at all typical of me,2,Not at all typical of me,Not at all typical of me,48,Woman,-99,No,No,No,No,No,No,No,Pass,Pass,0,0,No financial stress,Woman,5.833333333333333,25.375,69,38.25,10.25,34,1.2,5.666666666666667,0.25,Not at all,Not at all,0.6666666666666666
13885502594,13885503268,Strongly disagree,Nearly every day,Slightly agree,Slightly agree,Agree,Slightly agree,Slightly agree,Slightly agree,0,0,77,41,0,0,79,0,86,88,64,69,67,76,66,69,53,24,79,95,10,11,10,37,Several of the days,Not at all,Not at all,Several of the days,Not at all,Several of the days,Several of the days,Not at all,Not at all,Not at all,Several of the days,Several of the days,Several of the days,Agree,Agree,Agree,3,4,4,4,4,68,Woman,-99,No,No,No,No,No,No,No,Pass,Pass,0,0,No financial stress,Woman,5.166666666666667,24.625,76.75,69.5,62.75,17,3.8,6,0.5,0.6666666666666666,Not at all,Several of the days
13885503278,13885503575,Strongly disagree,Nearly every day,Strongly agree,Agree,Slightly agree,Agree,Agree,Agree,0,0,16,32,0,0,15,33,95,87,94,86,83,88,93,67,28,28,29,90,17,19,24,67,Several of the days,Several of the days,Several of the days,Not at all,Several of the days,Not at all,Not at all,Several of the days,Several of the days,Several of the days,Not at all,Several of the days,Several of the days,Agree,Agree,Agree,2,3,3,3,3,25,Woman,-99,No,No,No,No,No,Yes,No,Pass,Pass,0,1,Some financial stress,Woman,Agree,12,90.5,82.75,43.75,31.75,2.8,6,0.75,0.3333333333333333,Several of the days,0.6666666666666666
13885501347,13885501775,Strongly disagree,Nearly every day,Slightly agree,Slightly agree,Slightly agree,Agree,Slightly agree,Disagree,0,0,26,26,0,0,0,0,66,58,61,78,66,74,79,77,54,50,50,80,29,27,26,27,Several of the days,Several of the days,Several of the days,Several of the days,Not at all,Not at all,Not at all,Not at all,Not at all,Several of the days,Not at all,Not at all,Not at all,Agree,Agree,Strongly agree,Very typical of me,Very typical of me,Very typical of me,Very typical of me,Very typical of me,27,Man,-99,No,No,No,No,No,No,No,Pass,Pass,0,0,No financial stress,Man,4.666666666666667,6.5,65.75,74,58.5,27.25,5,6.333333333333333,Several of the days,Not at all,0.3333333333333333,Not at all
13885415246,13885415875,Strongly disagree,Nearly every day,Neither agree nor disagree,Neither agree nor disagree,Slightly agree,Slightly agree,Slightly agree,Slightly agree,0,0,0,0,0,0,0,0,0,0,0,0,0,0,1,0,1,0,0,0,2,1,1,0,Not at all,Not at all,Not at all,Not at all,Not at all,Not at all,Not at all,Several of the days,Not at all,Not at all,Not at all,Not at all,Not at all,Neither agree nor disagree,Neither agree nor disagree,Neither agree nor disagree,3,4,3,2,2,70,Woman,-99,No,No,No,No,No,No,No,Pass,Pass,0,0,No financial stress,Woman,4.666666666666667,0,0,0.25,0.25,1,2.8,4,Not at all,Not at all,0.3333333333333333,Not at all
13885500476,13885502125,Strongly disagree,Nearly every day,Agree,Agree,Neither agree nor disagree,Slightly agree,Agree,Agree,0,0,0,50,25,0,0,0,25,50,35,25,0,0,50,0,0,51,50,50,29,50,51,0,Not at all,Not at all,Not at all,Several of the days,Several of the days,Not at all,Not at all,Several of the days,Not at all,Not at all,Not at all,Not at all,Not at all,Neither agree nor disagree,Neither agree nor disagree,Neither agree nor disagree,Very typical of me,Very typical of me,Very typical of me,Very typical of me,Very typical of me,48,Woman,-99,Yes,Yes,Yes,Yes,Yes,Yes,Yes,Pass,Pass,0,7,Some financial stress,Woman,5.5,9.375,33.75,12.5,37.75,32.5,5,4,0.25,0.3333333333333333,0.3333333333333333,Not at all
13885504329,13885504716,Strongly disagree,Nearly every day,Slightly agree,Slightly agree,Slightly agree,Slightly agree,Slightly agree,Slightly agree,0,45,100,100,30,60,50,35,74,81,47,32,88,42,72,28,16,2,34,16,20,20,15,33,Not at all,Not at all,Not at all,Not at all,Not at all,Not at all,Not at all,Not at all,Not at all,Not at all,Not at all,Not at all,Several of the days,Strongly agree,Strongly agree,Strongly agree,Not at all typical of me,Not at all typical of me,Not at all typical of me,Not at all typical of me,Not at all typical of me,23,Man,-99,Yes,No,No,Yes,Yes,No,No,Pass,Pass,0,3,Some financial stress,Man,Slightly agree,52.5,58.5,57.5,17,22,1,7,Not at all,Not at all,Not at all,0.3333333333333333
13885500637,13885501227,Strongly disagree,Nearly every day,Agree,Slightly agree,Agree,Agree,Agree,Agree,0,0,100,94,94,0,0,52,80,100,47,79,100,100,74,100,35,38,94,72,44,42,42,78,Several of the days,Not at all,Not at all,Several of the days,Not at all,Not at all,Not at all,Not at all,Not at all,Not at all,Not at all,Not at all,Not at all,Strongly agree,Disagree,Somewhat agree,Very typical of me,Very typical of me,4,Very typical of me,Very typical of me,45,Woman,-99,No,No,No,No,No,No,No,Pass,Pass,0,0,No financial stress,Woman,5.833333333333333,42.5,76.5,93.5,59.75,51.5,4.8,4.666666666666667,0.5,Not at all,Not at all,Not at all
13885504855,13885507065,Strongly disagree,Nearly every day,Neither agree nor disagree,Slightly agree,Slightly agree,Slightly agree,Slightly agree,Slightly agree,0,0,59,85,0,69,46,67,31,66,21,71,78,0,0,0,68,0,70,85,10,20,0,37,Several of the days,Not at all,Several of the days,Not at all,Not at all,Not at all,Several of the days,Several of the days,Not at all,Not at all,Several of the days,Not at all,Several of the days,Strongly agree,Agree,Agree,2,3,4,2,4,29,Woman,-99,No,No,Yes,Yes,No,Yes,No,Pass,Pass,0,3,Some financial stress,Woman,4.833333333333333,40.75,47.25,19.5,55.75,16.75,3,6.333333333333333,0.5,0.3333333333333333,0.3333333333333333,0.6666666666666666
13885502887,13885503314,Strongly disagree,Nearly every day,Slightly agree,Slightly agree,Agree,Agree,Slightly agree,Slightly agree,34,44,69,87,43,34,89,84,72,94,51,71,84,40,47,34,28,29,57,44,64,56,62,98,Not at all,Not at all,Not at all,Several of the days,Several of the days,Several of the days,Not at all,Not at all,Not at all,Not at all,Several of the days,Several of the days,Several of the days,Agree,Somewhat agree,Neither agree nor disagree,4,4,4,4,4,33,Woman,-99,No,No,Yes,No,No,Yes,No,Pass,Pass,0,2,Some financial stress,Woman,5.333333333333333,60.5,72,51.25,39.5,70,4,5,0.25,0.6666666666666666,Not at all,Several of the days
13885415682,13885416001,Strongly disagree,Nearly every day,Slightly agree,Slightly agree,Slightly agree,Slightly agree,Slightly agree,Slightly agree,9,0,63,89,55,0,73,40,100,100,100,100,100,100,100,100,100,100,100,100,8,8,0,31,Several of the days,Not at all,Several of the days,Several of the days,Several of the days,Several of the days,Not at all,Not at all,Not at all,Several of the days,Over half the days,Several of the days,Over half the days,Agree,Agree,Agree,4,4,4,3,4,19,Woman,-99,No,No,No,No,No,No,No,Pass,Pass,0,0,No financial stress,Woman,Slightly agree,41.125,100,100,100,11.75,3.8,6,0.75,0.6666666666666666,0.3333333333333333,1.6666666666666667
13885503480,13885503893,Strongly disagree,Nearly every day,Agree,Slightly agree,Neither agree nor disagree,Agree,Slightly agree,Neither agree nor disagree,0,0,38,15,0,0,0,51,71,81,73,74,55,51,47,51,76,26,76,76,38,34,39,36,Several of the days,Not at all,Several of the days,Several of the days,Several of the days,Several of the days,Several of the days,Not at all,Not at all,Not at all,Several of the days,Not at all,Not at all,Neither agree nor disagree,Somewhat disagree,Somewhat disagree,4,4,4,4,4,29,Man,-99,No,No,No,No,No,No,No,Pass,Pass,0,0,No financial stress,Man,Slightly agree,13,74.75,51,63.5,36.75,4,3.3333333333333335,0.75,Several of the days,Not at all,0.3333333333333333
13885504637,13885506066,Strongly disagree,Nearly every day,Strongly agree,Strongly disagree,Slightly agree,Agree,Neither agree nor disagree,Agree,0,0,0,88,3,85,77,6,92,100,97,97,95,93,92,92,59,77,100,100,47,33,40,78,Several of the days,Not at all,Several of the days,Several of the days,Several of the days,Not at all,Several of the days,Not at all,Not at all,Not at all,Several of the days,Several of the days,Several of the days,Somewhat agree,Somewhat agree,Agree,Very typical of me,Very typical of me,Very typical of me,Very typical of me,Very typical of me,58,Woman,-99,No,No,No,No,No,No,No,Pass,Pass,0,0,No financial stress,Woman,4.833333333333333,32.375,96.5,93,84,49.5,5,5.333333333333333,0.75,0.6666666666666666,Not at all,Several of the days
13885503955,13885504629,Strongly disagree,Nearly every day,Agree,Agree,Agree,Agree,Agree,Slightly agree,0,0,4,20,5,7,30,7,5,12,6,6,24,25,24,23,0,0,0,26,20,21,21,22,Not at all,Not at all,Not at all,Not at all,Not at all,Not at all,Not at all,Not at all,Not at all,Not at all,Several of the days,Several of the days,Several of the days,Strongly agree,Agree,Strongly agree,2,2,2,2,2,24,Woman,-99,No,No,No,No,No,Yes,No,Pass,Pass,0,1,Some financial stress,Woman,5.833333333333333,9.125,7.25,24,6.5,21,2,6.666666666666667,Not at all,Not at all,Not at all,Several of the days
13885415955,13885416345,Strongly disagree,Nearly every day,Slightly agree,Slightly agree,Strongly agree,Strongly agree,Agree,Slightly agree,0,0,0,50,28,36,0,0,61,62,61,93,99,55,64,58,17,17,28,42,2,6,5,25,Not at all,Not at all,Several of the days,Not at all,Not at all,Not at all,Not at all,Not at all,Not at all,Not at all,Not at all,Not at all,Not at all,Agree,Agree,Agree,Not at all typical of me,2,2,2,2,22,Woman,-99,No,No,No,Yes,No,Yes,No,Pass,Pass,0,2,Some financial stress,Woman,5.833333333333333,14.25,69.25,69,26,9.5,1.8,6,0.25,Not at all,Not at all,Not at all
13885503639,13885504046,Strongly disagree,Nearly every day,Disagree,Slightly disagree,Slightly disagree,Agree,Slightly disagree,Slightly agree,0,3,0,80,59,59,41,78,60,88,62,89,43,100,74,100,47,46,19,100,5,10,0,8,Several of the days,Not at all,Not at all,Several of the days,Not at all,Not at all,Not at all,Not at all,Not at all,Not at all,Several of the days,Several of the days,Several of the days,Strongly agree,Strongly agree,Strongly agree,2,2,3,2,2,23,Woman,-99,No,No,Yes,No,No,No,No,Pass,Pass,0,1,Some financial stress,Woman,3.6666666666666665,40,74.75,79.25,53,5.75,2.2,7,0.5,Not at all,Not at all,Several of the days
13885504088,13885504848,Strongly disagree,Nearly every day,Slightly agree,Slightly agree,Agree,Agree,Slightly agree,Agree,7,5,7,7,6,8,5,5,95,95,93,85,72,69,56,59,77,79,83,80,46,46,64,53,Several of the days,Several of the days,Several of the days,Several of the days,Several of the days,Several of the days,Several of the days,Not at all,Several of the days,Not at all,Several of the days,Several of the days,Several of the days,Somewhat agree,Neither agree nor disagree,Somewhat disagree,Very typical of me,Very typical of me,Very typical of me,Not at all typical of me,Very typical of me,38,Woman,-99,No,No,No,No,No,No,No,Pass,Pass,0,0,No financial stress,Woman,5.5,6.25,92,64,79.75,52.25,4.2,4,Several of the days,Several of the days,0.3333333333333333,Several of the days
13885502635,13885503039,Strongly disagree,Nearly every day,Disagree,Slightly disagree,Disagree,Disagree,Disagree,Strongly disagree,35,0,25,85,18,3,23,33,71,79,70,71,86,84,58,41,74,25,100,63,9,14,11,34,Several of the days,Several of the days,Several of the days,Not at all,Not at all,Not at all,Not at all,Several of the days,Not at all,Over half the days,Not at all,Not at all,Not at all,Strongly agree,Strongly agree,Strongly agree,4,4,4,Very typical of me,3,22,Woman,-99,No,No,No,Yes,No,Yes,No,Pass,Pass,0,2,Some financial stress,Woman,Disagree,27.75,72.75,67.25,65.5,17,4,7,0.75,Not at all,Several of the days,Not at all
13885498978,13885499429,Strongly disagree,Nearly every day,Agree,Agree,Agree,Agree,Agree,Agree,0,0,25,100,0,70,100,0,55,100,57,99,80,77,85,77,79,46,89,100,51,49,49,71,Not at all,Not at all,Not at all,Not at all,Not at all,Not at all,Several of the days,Not at all,Not at all,Not at all,Several of the days,Several of the days,Several of the days,Strongly agree,Somewhat agree,Strongly agree,Very typical of me,Very typical of me,Very typical of me,Very typical of me,Very typical of me,30,Woman,-99,No,No,Yes,Yes,No,Yes,No,Pass,Pass,0,3,Some financial stress,Woman,Agree,36.875,77.75,79.75,78.5,55,5,6.333333333333333,Not at all,0.3333333333333333,Not at all,Several of the days
13885504633,13885505149,Strongly disagree,Nearly every day,Slightly agree,Slightly agree,Neither agree nor disagree,Neither agree nor disagree,Slightly agree,Neither agree nor disagree,0,0,0,0,0,0,0,0,40,55,40,40,60,60,35,45,25,0,55,0,50,50,45,10,Several of the days,Several of the days,Several of the days,Not at all,Not at all,Not at all,Not at all,Several of the days,Several of the days,Several of the days,Not at all,Not at all,Not at all,Strongly agree,Strongly agree,Strongly agree,Very typical of me,Very typical of me,Very typical of me,Very typical of me,Very typical of me,39,Woman,-99,No,No,No,No,No,No,No,Pass,Pass,0,0,No financial stress,Woman,4.5,0,43.75,50,20,38.75,5,7,0.75,Not at all,Several of the days,Not at all
13885504787,13885505328,Strongly disagree,Nearly every day,Disagree,Disagree,Disagree,Disagree,Disagree,Disagree,0,0,0,70,55,0,0,0,0,0,0,0,0,0,0,0,0,0,0,0,50,50,50,50,Not at all,Not at all,Not at all,Not at all,Not at all,Not at all,Not at all,Not at all,Not at all,Not at all,Not at all,Not at all,Not at all,Disagree,Disagree,Disagree,Not at all typical of me,Not at all typical of me,Not at all typical of me,Not at all typical of me,Not at all typical of me,51,Man,-99,No,No,No,No,No,No,No,Pass,Pass,0,0,No financial stress,Man,Disagree,15.625,0,0,0,50,1,2,Not at all,Not at all,Not at all,Not at all
13885504265,13885504827,Strongly disagree,Nearly every day,Agree,Agree,Agree,Agree,Agree,Agree,5,1,8,69,19,34,59,56,97,97,90,94,36,79,69,79,33,34,36,43,21,23,18,31,Several of the days,Not at all,Several of the days,Several of the days,Several of the days,Not at all,Not at all,Several of the days,Not at all,Not at all,Not at all,Not at all,Not at all,Neither agree nor disagree,Strongly disagree,Strongly disagree,3,3,3,4,3,52,Woman,-99,No,No,No,No,No,No,No,Pass,Pass,0,0,No financial stress,Woman,Agree,31.375,94.5,65.75,36.5,23.25,3.2,2,0.75,0.3333333333333333,0.3333333333333333,Not at all
13885504385,13885505021,Strongly disagree,Nearly every day,Strongly agree,Agree,Agree,Agree,Agree,Neither agree nor disagree,0,0,75,85,85,30,30,100,27,54,28,65,73,18,20,10,0,0,40,37,15,29,11,42,Several of the days,Not at all,Several of the days,Several of the days,Not at all,Not at all,Not at all,Not at all,Several of the days,Not at all,Several of the days,Several of the days,Several of the days,Agree,Agree,Agree,2,2,3,2,3,31,Woman,-99,Yes,No,No,Yes,No,Yes,No,Pass,Pass,0,3,Some financial stress,Woman,5.833333333333333,50.625,43.5,30.25,19.25,24.25,2.4,6,0.75,Not at all,0.3333333333333333,Several of the days
13885504695,13885505372,Strongly disagree,Nearly every day,Slightly agree,Slightly agree,Agree,Agree,Neither agree nor disagree,Agree,0,0,0,50,21,11,0,34,56,74,36,66,65,69,19,38,78,5,39,50,0,0,10,39,Not at all,Not at all,Not at all,Not at all,Several of the days,Several of the days,Not at all,Not at all,Several of the days,Not at all,Several of the days,Over half the days,Several of the days,Agree,Strongly agree,Agree,Very typical of me,Very typical of me,3,Very typical of me,Very typical of me,21,Woman,-99,No,No,No,Yes,No,Yes,No,Pass,Pass,0,2,Some financial stress,Woman,5.333333333333333,14.5,58,47.75,43,12.25,4.6,6.333333333333333,Not at all,0.6666666666666666,0.3333333333333333,1.3333333333333333
13885500582,13885501421,Strongly disagree,Nearly every day,Strongly agree,Strongly agree,Strongly agree,Strongly agree,Strongly agree,Strongly agree,1,1,1,100,71,78,1,24,1,50,1,1,50,51,13,1,4,1,1,1,50,50,30,21,Not at all,Not at all,Not at all,Not at all,Not at all,Not at all,Not at all,Not at all,Not at all,Not at all,Several of the days,Several of the days,Not at all,Somewhat agree,Somewhat agree,Somewhat agree,2,Not at all typical of me,2,2,Not at all typical of me,23,Man,-99,Yes,Yes,Yes,Yes,No,Yes,No,Pass,Pass,0,5,Some financial stress,Man,Strongly agree,34.625,13.25,28.75,1.75,37.75,1.6,5,Not at all,Not at all,Not at all,0.6666666666666666
13885504916,13885505364,Strongly disagree,Nearly every day,Slightly agree,Slightly disagree,Slightly agree,Slightly agree,Neither agree nor disagree,Neither agree nor disagree,0,0,0,37,0,14,0,15,68,86,69,72,74,58,74,63,79,79,70,71,10,10,12,57,Not at all,Not at all,Not at all,Not at all,Not at all,Not at all,Not at all,Not at all,Not at all,Not at all,Not at all,Not at all,Not at all,Agree,Strongly disagree,Neither agree nor disagree,4,Very typical of me,Very typical of me,Very typical of me,Very typical of me,35,Man,-99,No,No,Yes,Yes,No,No,No,Pass,Pass,0,2,Some financial stress,Man,4.333333333333333,8.25,73.75,67.25,74.75,22.25,4.8,3.6666666666666665,Not at all,Not at all,Not at all,Not at all
13885504900,13885505546,Strongly disagree,Nearly every day,Slightly agree,Neither agree nor disagree,Slightly agree,Slightly agree,Neither agree nor disagree,Slightly disagree,0,0,70,50,35,55,80,85,60,90,70,95,100,90,70,70,60,10,20,50,10,10,5,5,Not at all,Not at all,Not at all,Not at all,Not at all,Several of the days,Not at all,Not at all,Not at all,Not at all,Several of the days,Several of the days,Several of the days,Strongly agree,Strongly agree,Agree,3,3,4,4,4,38,Woman,-99,Yes,No,No,No,No,No,No,Pass,Pass,0,1,Some financial stress,Woman,4.333333333333333,46.875,78.75,82.5,35,7.5,3.6,6.666666666666667,Not at all,0.3333333333333333,Not at all,Several of the days
13885504892,13885505200,Strongly disagree,Nearly every day,Slightly agree,Disagree,Slightly agree,Slightly agree,Disagree,Slightly agree,0,0,10,74,58,44,3,0,0,0,0,0,0,0,0,0,0,0,0,0,0,0,0,0,Not at all,Not at all,Not at all,Not at all,Not at all,Not at all,Not at all,Not at all,Not at all,Not at all,Not at all,Not at all,Not at all,Strongly disagree,Strongly disagree,Strongly disagree,Not at all typical of me,Not at all typical of me,Not at all typical of me,Not at all typical of me,Not at all typical of me,19,Woman,-99,No,No,No,No,No,No,No,Pass,Pass,0,0,No financial stress,Woman,Neither agree nor disagree,23.625,0,0,0,0,1,1,Not at all,Not at all,Not at all,Not at all
13885504957,13885505630,Strongly disagree,Nearly every day,Slightly agree,Slightly agree,Slightly agree,Slightly agree,Slightly agree,Neither agree nor disagree,0,0,50,80,60,70,70,66,20,70,20,20,70,50,50,50,35,10,10,50,25,25,25,50,Not at all,Not at all,Not at all,Not at all,Not at all,Not at all,Not at all,Over half the days,Not at all,Not at all,Not at all,Not at all,Not at all,Strongly agree,Strongly agree,Strongly agree,3,2,3,2,3,24,Woman,-99,Yes,No,Yes,No,No,No,No,Pass,Pass,0,2,Some financial stress,Woman,4.833333333333333,49.5,32.5,55,26.25,31.25,2.6,7,Not at all,Not at all,0.6666666666666666,Not at all
13885504286,13885505401,Strongly disagree,Nearly every day,Strongly agree,Agree,Agree,Agree,Agree,Slightly disagree,0,0,0,30,15,0,15,5,10,10,10,5,10,10,10,10,10,0,0,10,0,0,0,0,Not at all,Not at all,Not at all,Not at all,Not at all,Several of the days,Several of the days,Not at all,Not at all,Not at all,Not at all,Not at all,Not at all,Agree,Agree,Agree,Not at all typical of me,Not at all typical of me,Not at all typical of me,Not at all typical of me,Not at all typical of me,32,Man,-99,No,No,No,No,No,No,No,Pass,Pass,0,0,No financial stress,Man,5.666666666666667,8.125,8.75,10,5,0,1,6,Not at all,0.6666666666666666,Not at all,Not at all
13885503441,13885503921,Strongly disagree,Nearly every day,Slightly agree,Slightly agree,Agree,Agree,Agree,Slightly agree,60,0,41,80,60,49,64,50,71,71,70,87,71,53,52,52,63,40,54,54,71,60,60,59,Several of the days,Several of the days,Several of the days,Several of the days,Several of the days,Several of the days,Several of the days,Not at all,Not at all,Not at all,Several of the days,Several of the days,Several of the days,Strongly agree,Strongly agree,Strongly agree,Very typical of me,Very typical of me,Very typical of me,Very typical of me,Very typical of me,21,Woman,-99,No,No,Yes,Yes,No,Yes,No,Pass,Pass,0,3,Some financial stress,Woman,5.5,50.5,74.75,57,52.75,62.5,5,7,Several of the days,Several of the days,Not at all,Several of the days
13885503368,13885503940,Strongly disagree,Nearly every day,Neither agree nor disagree,Neither agree nor disagree,Neither agree nor disagree,Slightly agree,Neither agree nor disagree,Neither agree nor disagree,0,0,0,0,0,0,0,4,0,0,0,0,0,0,3,0,0,0,0,0,0,0,0,0,Not at all,Not at all,Not at all,Not at all,Not at all,Not at all,Not at all,Not at all,Not at all,Not at all,Not at all,Not at all,Not at all,Neither agree nor disagree,Neither agree nor disagree,Neither agree nor disagree,Very typical of me,Very typical of me,Very typical of me,Very typical of me,Very typical of me,48,Woman,-99,No,No,No,Yes,No,No,No,Pass,Pass,0,1,Some financial stress,Woman,4.166666666666667,0.5,0,0.75,0,0,5,4,Not at all,Not at all,Not at all,Not at all
13885503536,13885503966,Strongly disagree,Nearly every day,Agree,Agree,Strongly agree,Strongly agree,Slightly agree,Slightly agree,25,0,0,85,20,0,31,80,100,100,100,100,100,100,100,100,73,68,100,100,65,64,53,65,Several of the days,Not at all,Several of the days,Several of the days,Several of the days,Not at all,Several of the days,Not at all,Not at all,Not at all,Several of the days,Not at all,Several of the days,Somewhat agree,Agree,Agree,4,Very typical of me,Very typical of me,4,4,19,Woman,-99,No,No,No,No,No,No,No,Pass,Pass,0,0,No financial stress,Woman,Agree,30.125,100,100,85.25,61.75,4.4,5.666666666666667,0.75,0.6666666666666666,Not at all,0.6666666666666666
13885415197,13885415707,Strongly disagree,Nearly every day,Slightly agree,Neither agree nor disagree,Slightly disagree,Slightly agree,Neither agree nor disagree,Slightly disagree,0,0,50,60,20,50,75,40,20,50,20,20,40,0,20,0,0,0,0,0,50,50,30,40,Not at all,Not at all,Not at all,Not at all,Not at all,Not at all,Not at all,Not at all,Not at all,Not at all,Several of the days,Several of the days,Several of the days,Strongly agree,Agree,Strongly agree,Not at all typical of me,2,2,Not at all typical of me,2,33,Man,-99,No,No,Yes,No,No,Yes,Yes,Pass,Pass,0,3,Some financial stress,Man,Neither agree nor disagree,36.875,27.5,15,0,42.5,1.6,6.666666666666667,Not at all,Not at all,Not at all,Several of the days
13885505273,13885505810,Strongly disagree,Nearly every day,Agree,Slightly agree,Neither agree nor disagree,Slightly agree,Slightly agree,Neither agree nor disagree,0,0,25,75,10,0,90,0,60,95,60,85,85,75,70,75,65,30,75,75,10,5,2,55,Several of the days,Not at all,Several of the days,Not at all,Not at all,Not at all,Not at all,Several of the days,Several of the days,Several of the days,Several of the days,Several of the days,Over half the days,Agree,Somewhat agree,Somewhat agree,Very typical of me,Very typical of me,Very typical of me,Very typical of me,Very typical of me,38,Woman,-99,No,No,No,No,No,No,No,Pass,Pass,0,0,No financial stress,Woman,4.833333333333333,25,75,76.25,61.25,18,5,5.333333333333333,0.5,Not at all,Several of the days,1.3333333333333333
13885502184,13885502813,Strongly disagree,Nearly every day,Agree,Agree,Strongly agree,Strongly agree,Agree,Agree,0,0,93,80,48,71,72,62,72,96,74,42,97,78,95,80,54,34,91,82,50,36,60,80,Several of the days,Not at all,Not at all,Not at all,Several of the days,Several of the days,Several of the days,Not at all,Not at all,Not at all,Over half the days,Over half the days,Several of the days,Somewhat agree,Agree,Strongly agree,4,Very typical of me,3,3,4,28,Woman,-99,No,No,No,No,No,No,No,Pass,Pass,0,0,No financial stress,Woman,6.333333333333333,53.25,71,87.5,65.25,56.5,3.8,6,0.25,Several of the days,Not at all,1.6666666666666667
13885504435,13885504868,Strongly disagree,Nearly every day,Slightly disagree,Slightly disagree,Slightly disagree,Slightly agree,Slightly disagree,Slightly agree,21,0,0,5,20,20,23,2,65,67,73,73,66,63,67,55,78,60,62,67,5,5,8,0,Not at all,Not at all,Not at all,Not at all,Not at all,Several of the days,Not at all,Not at all,Not at all,Not at all,Not at all,Not at all,Several of the days,Strongly agree,Strongly agree,Strongly agree,Very typical of me,Very typical of me,Very typical of me,Very typical of me,Very typical of me,31,Man,-99,No,No,No,No,No,No,No,Pass,Pass,0,0,No financial stress,Man,3.6666666666666665,11.375,69.5,62.75,66.75,4.5,5,7,Not at all,0.3333333333333333,Not at all,0.3333333333333333
13885501984,13885502895,Strongly disagree,Nearly every day,Agree,Agree,Agree,Agree,Agree,Agree,0,0,100,100,80,0,0,80,100,100,100,100,100,100,100,100,100,50,100,100,0,0,0,50,Over half the days,Over half the days,Over half the days,Over half the days,Over half the days,Several of the days,Over half the days,Several of the days,Several of the days,Several of the days,Over half the days,Over half the days,Over half the days,Strongly agree,Strongly agree,Strongly agree,Very typical of me,Very typical of me,Very typical of me,Very typical of me,Very typical of me,37,Woman,-99,No,No,No,No,No,No,No,Pass,Pass,0,0,No financial stress,Woman,Agree,45,100,100,87.5,12.5,5,7,Over half the days,1.6666666666666667,Several of the days,Over half the days
13885504258,13885504509,Strongly disagree,Nearly every day,Slightly agree,Slightly agree,Slightly agree,Agree,Slightly agree,Slightly agree,0,0,0,34,0,0,0,29,31,73,32,97,88,68,67,68,88,15,72,73,2,6,3,32,Not at all,Not at all,Not at all,Not at all,Not at all,Not at all,Not at all,Not at all,Not at all,Not at all,Not at all,Not at all,Not at all,Strongly agree,Agree,Strongly agree,Very typical of me,Very typical of me,Very typical of me,4,Very typical of me,38,Man,-99,No,No,No,No,No,No,No,Pass,Pass,0,0,No financial stress,Man,5.166666666666667,7.875,58.25,72.75,62,10.75,4.8,6.666666666666667,Not at all,Not at all,Not at all,Not at all
13885504626,13885505072,Strongly disagree,Nearly every day,Agree,Slightly agree,Agree,Agree,Slightly agree,Slightly agree,0,0,25,55,40,5,11,37,95,88,79,85,70,55,67,60,95,75,65,68,35,27,19,23,Several of the days,Not at all,Not at all,Several of the days,Several of the days,Several of the days,Not at all,Not at all,Not at all,Not at all,Several of the days,Several of the days,Over half the days,Strongly agree,Agree,Agree,4,Very typical of me,Very typical of me,Very typical of me,4,27,Man,-99,No,No,No,No,No,No,No,Pass,Pass,0,0,No financial stress,Man,5.5,21.625,86.75,63,75.75,26,4.6,6.333333333333333,0.5,0.6666666666666666,Not at all,1.3333333333333333
13885505293,13885505789,Strongly disagree,Nearly every day,Agree,Slightly agree,Strongly agree,Strongly agree,Agree,Agree,0,0,0,55,58,1,15,18,51,62,62,52,77,23,22,27,33,10,42,55,43,45,41,41,Several of the days,Several of the days,Several of the days,Several of the days,Not at all,Not at all,Not at all,Not at all,Not at all,Several of the days,Not at all,Not at all,Not at all,Somewhat agree,Somewhat agree,Somewhat agree,4,Very typical of me,4,Very typical of me,Very typical of me,21,Woman,-99,No,No,No,No,No,No,No,Pass,Pass,0,0,No financial stress,Woman,6.166666666666667,18.375,56.75,37.25,35,42.5,4.6,5,Several of the days,Not at all,0.3333333333333333,Not at all
13885504427,13885506060,Strongly disagree,Nearly every day,Agree,Agree,Agree,Strongly agree,Strongly agree,Agree,40,0,40,50,30,41,21,42,79,87,72,53,75,50,53,59,69,51,81,75,39,40,83,64,Several of the days,Not at all,Several of the days,Several of the days,Several of the days,Several of the days,Several of the days,Several of the days,Several of the days,Several of the days,Several of the days,Several of the days,Several of the days,Agree,Agree,Agree,Very typical of me,Very typical of me,4,3,Very typical of me,20,Woman,-99,Yes,Yes,No,Yes,No,Yes,Yes,Pass,Pass,0,5,Some financial stress,Woman,6.333333333333333,33,72.75,59.25,69,56.5,4.4,6,0.75,Several of the days,Several of the days,Several of the days
13885504149,13885504979,Strongly disagree,Nearly every day,Agree,Neither agree nor disagree,Slightly agree,Slightly disagree,Neither agree nor disagree,Agree,5,6,55,64,84,93,10,85,13,17,15,44,18,11,28,9,0,0,0,0,29,28,29,15,Not at all,Not at all,Not at all,Not at all,Not at all,Not at all,Not at all,Not at all,Not at all,Not at all,Several of the days,Not at all,Not at all,Somewhat agree,Somewhat agree,Somewhat agree,3,4,4,3,3,24,Man,-99,No,No,No,No,No,No,No,Pass,Pass,0,0,No financial stress,Man,4.666666666666667,50.25,22.25,16.5,0,25.25,3.4,5,Not at all,Not at all,Not at all,0.3333333333333333
13885505117,13885506032,Strongly disagree,Nearly every day,Slightly agree,Disagree,Disagree,Disagree,Neither agree nor disagree,Neither agree nor disagree,0,0,0,10,0,0,30,0,20,20,20,19,50,11,65,8,7,0,0,0,14,11,0,0,Not at all,Not at all,Not at all,Not at all,Not at all,Not at all,Not at all,Not at all,Not at all,Not at all,Not at all,Not at all,Not at all,Neither agree nor disagree,Neither agree nor disagree,Neither agree nor disagree,Very typical of me,Very typical of me,Very typical of me,Very typical of me,Very typical of me,28,Woman,-99,No,No,No,No,No,No,No,Pass,Pass,0,0,No financial stress,Woman,3.1666666666666665,5,19.75,33.5,1.75,6.25,5,4,Not at all,Not at all,Not at all,Not at all
13885504746,13885505125,Strongly disagree,Nearly every day,Agree,Agree,Agree,Agree,Agree,Agree,0,0,51,30,0,0,0,50,0,50,0,24,41,53,15,17,0,0,44,0,0,0,0,0,Not at all,Not at all,Not at all,Not at all,Not at all,Not at all,Not at all,Not at all,Not at all,Not at all,Not at all,Not at all,Not at all,Agree,Strongly agree,Agree,Not at all typical of me,Not at all typical of me,Not at all typical of me,Not at all typical of me,Not at all typical of me,53,Woman,-99,No,No,No,No,No,No,No,Pass,Pass,0,0,No financial stress,Woman,Agree,16.375,18.5,31.5,11,0,1,6.333333333333333,Not at all,Not at all,Not at all,Not at all
13885504548,13885505444,Strongly disagree,Nearly every day,Slightly agree,Slightly agree,Slightly agree,Slightly agree,Slightly agree,Agree,0,0,0,30,25,54,51,52,32,32,34,17,26,0,13,3,0,0,12,13,17,22,0,1,Several of the days,Several of the days,Not at all,Several of the days,Several of the days,Several of the days,Several of the days,Not at all,Not at all,Not at all,Several of the days,Several of the days,Several of the days,Agree,Agree,Agree,2,2,Not at all typical of me,Not at all typical of me,Not at all typical of me,48,Man,-99,No,No,No,No,No,Yes,No,Pass,Pass,0,1,Some financial stress,Man,5.166666666666667,26.5,28.75,10.5,6.25,10,1.4,6,0.75,Several of the days,Not at all,Several of the days
13885504861,13885505209,Strongly disagree,Nearly every day,Agree,Agree,Agree,Strongly agree,Agree,Slightly agree,0,0,10,22,2,13,0,0,26,42,0,18,13,12,0,0,22,0,16,14,0,0,0,0,Not at all,Not at all,Not at all,Not at all,Not at all,Not at all,Not at all,Not at all,Not at all,Not at all,Not at all,Not at all,Not at all,Somewhat agree,Somewhat agree,Somewhat agree,Very typical of me,Very typical of me,Very typical of me,Very typical of me,Very typical of me,33,Woman,-99,No,No,Yes,No,No,No,No,Pass,Pass,0,1,Some financial stress,Woman,Agree,5.875,21.5,6.25,13,0,5,5,Not at all,Not at all,Not at all,Not at all
13885501563,13885502350,Strongly disagree,Nearly every day,Slightly agree,Slightly agree,Agree,Agree,Agree,Agree,0,0,0,10,0,0,0,10,40,60,40,30,70,40,40,40,20,5,30,20,70,50,50,40,Not at all,Not at all,Not at all,Not at all,Not at all,Not at all,Not at all,Not at all,Not at all,Not at all,Several of the days,Several of the days,Several of the days,Somewhat agree,Agree,Agree,3,3,4,4,3,35,Woman,-99,No,No,No,No,No,No,No,Pass,Pass,0,0,No financial stress,Woman,5.666666666666667,2.5,42.5,47.5,18.75,52.5,3.4,5.666666666666667,Not at all,Not at all,Not at all,Several of the days
13885503820,13885504209,Strongly disagree,Nearly every day,Disagree,Disagree,Disagree,Neither agree nor disagree,Disagree,Disagree,0,0,0,0,28,0,0,0,0,0,0,0,26,0,27,0,0,0,0,0,0,0,0,0,Not at all,Not at all,Not at all,Not at all,Not at all,Not at all,Not at all,Not at all,Not at all,Not at all,Not at all,Not at all,Not at all,Disagree,Disagree,Disagree,4,4,Very typical of me,Very typical of me,4,46,Man,-99,No,No,Yes,Yes,No,Yes,Yes,Pass,Pass,0,4,Some financial stress,Man,2.3333333333333335,3.5,0,13.25,0,0,4.4,2,Not at all,Not at all,Not at all,Not at all
13885414997,13885415390,Strongly disagree,Nearly every day,Slightly agree,Slightly agree,Neither agree nor disagree,Neither agree nor disagree,Slightly agree,Slightly agree,0,14,0,100,81,82,69,0,79,79,79,79,80,80,79,79,79,79,80,81,0,0,0,50,Not at all,Not at all,Several of the days,Several of the days,Not at all,Several of the days,Not at all,Not at all,Several of the days,Several of the days,Over half the days,Several of the days,Several of the days,Agree,Agree,Agree,3,2,2,3,2,30,Woman,-99,No,No,No,No,No,No,No,Pass,Pass,0,0,No financial stress,Woman,4.666666666666667,43.25,79,79.5,79.75,12.5,2.4,6,0.5,0.3333333333333333,0.6666666666666666,1.3333333333333333
13885504958,13885505421,Strongly disagree,Nearly every day,Slightly disagree,Slightly disagree,Slightly disagree,Slightly disagree,Slightly disagree,Disagree,0,0,0,15,0,0,0,15,0,0,0,0,0,0,0,0,0,0,0,0,0,0,0,0,Not at all,Not at all,Not at all,Not at all,Not at all,Not at all,Not at all,Not at all,Not at all,Not at all,Not at all,Not at all,Not at all,Disagree,Disagree,Disagree,Not at all typical of me,Not at all typical of me,Not at all typical of me,Not at all typical of me,Not at all typical of me,63,Woman,-99,No,No,Yes,No,No,Yes,Yes,Pass,Pass,0,3,Some financial stress,Woman,2.8333333333333335,3.75,0,0,0,0,1,2,Not at all,Not at all,Not at all,Not at all
13885500398,13885500846,Strongly disagree,Nearly every day,Agree,Neither agree nor disagree,Slightly agree,Slightly agree,Slightly agree,Agree,30,1,0,50,0,0,29,0,61,61,64,40,91,90,91,91,21,21,24,96,5,8,6,9,Not at all,Not at all,Not at all,Not at all,Not at all,Not at all,Not at all,Not at all,Not at all,Not at all,Not at all,Not at all,Not at all,Somewhat agree,Agree,Somewhat agree,3,4,4,4,4,31,Woman,-99,No,No,Yes,No,No,No,No,Pass,Pass,0,1,Some financial stress,Woman,5.166666666666667,13.75,56.5,90.75,40.5,7,3.8,5.333333333333333,Not at all,Not at all,Not at all,Not at all
13885504475,13885505042,Strongly disagree,Nearly every day,Strongly agree,Agree,Strongly agree,Strongly agree,Strongly agree,Strongly agree,0,0,30,40,0,0,35,10,0,70,0,50,0,0,0,0,15,15,0,0,50,40,40,40,Not at all,Not at all,Not at all,Not at all,Not at all,Not at all,Not at all,Not at all,Not at all,Not at all,Several of the days,Several of the days,Not at all,Strongly agree,Somewhat agree,Somewhat agree,3,2,Very typical of me,Very typical of me,Very typical of me,40,Man,-99,No,No,No,No,No,No,No,Pass,Pass,0,0,No financial stress,Man,6.833333333333333,14.375,30,0,7.5,42.5,4,5.666666666666667,Not at all,Not at all,Not at all,0.6666666666666666
13885503249,13885503708,Strongly disagree,Nearly every day,Strongly disagree,Strongly disagree,Strongly disagree,Strongly disagree,Strongly disagree,Strongly disagree,0,0,0,0,0,0,0,0,0,0,0,0,100,0,0,0,0,0,0,0,0,0,0,0,Not at all,Not at all,Not at all,Not at all,Not at all,Not at all,Not at all,Not at all,Not at all,Not at all,Not at all,Not at all,Not at all,Strongly disagree,Strongly disagree,Strongly disagree,Not at all typical of me,Not at all typical of me,Not at all typical of me,Not at all typical of me,Not at all typical of me,39,Man,-99,No,No,No,No,No,No,No,Pass,Pass,0,0,No financial stress,Man,Strongly disagree,0,0,25,0,0,1,1,Not at all,Not at all,Not at all,Not at all
13885416774,13885417690,Strongly disagree,Nearly every day,Slightly agree,Slightly disagree,Disagree,Slightly disagree,Slightly agree,Slightly disagree,0,17,61,84,58,62,48,0,23,61,21,21,76,79,80,80,44,21,82,62,13,14,17,11,Several of the days,Not at all,Not at all,Not at all,Not at all,Not at all,Not at all,Several of the days,Not at all,Not at all,Not at all,Not at all,Not at all,Strongly agree,Strongly agree,Strongly agree,2,2,2,Not at all typical of me,4,33,Man,-99,Yes,Yes,Yes,Yes,Yes,Yes,Yes,Pass,Pass,0,7,Some financial stress,Man,3.5,41.25,31.5,78.75,52.25,13.75,2.2,7,0.25,Not at all,0.3333333333333333,Not at all
13885501412,13885501665,Strongly disagree,Nearly every day,Slightly agree,Disagree,Slightly disagree,Slightly disagree,Neither agree nor disagree,Neither agree nor disagree,0,0,96,48,0,0,0,0,11,23,11,10,53,47,49,51,9,8,8,42,37,32,8,47,Not at all,Not at all,Not at all,Not at all,Not at all,Not at all,Not at all,Not at all,Not at all,Not at all,Not at all,Not at all,Not at all,Strongly agree,Strongly agree,Strongly agree,Not at all typical of me,Not at all typical of me,Not at all typical of me,Not at all typical of me,Not at all typical of me,27,Woman,-99,No,No,No,No,No,No,No,Pass,Pass,0,0,No financial stress,Woman,3.5,18,13.75,50,16.75,31,1,7,Not at all,Not at all,Not at all,Not at all
13885503109,13885503694,Strongly disagree,Nearly every day,Slightly agree,Slightly agree,Neither agree nor disagree,Slightly agree,Neither agree nor disagree,Neither agree nor disagree,0,0,0,0,0,0,0,2,0,0,0,0,0,0,0,0,0,0,0,0,0,0,0,0,Not at all,Not at all,Not at all,Not at all,Not at all,Not at all,Not at all,Not at all,Not at all,Not at all,Not at all,Not at all,Not at all,Neither agree nor disagree,Neither agree nor disagree,Neither agree nor disagree,3,2,2,2,2,69,Man,-99,No,No,No,No,No,No,No,Pass,Pass,0,0,No financial stress,Man,4.5,0.25,0,0,0,0,2.2,4,Not at all,Not at all,Not at all,Not at all
13885502137,13885502489,Strongly disagree,Nearly every day,Slightly agree,Slightly disagree,Slightly disagree,Slightly disagree,Slightly disagree,Slightly disagree,0,1,11,34,2,2,0,1,55,44,43,34,6,33,24,20,46,20,21,24,48,39,30,17,Several of the days,Several of the days,Several of the days,Several of the days,Several of the days,Not at all,Not at all,Over half the days,Several of the days,Several of the days,Not at all,Not at all,Not at all,Somewhat agree,Neither agree nor disagree,Neither agree nor disagree,3,3,3,2,2,30,Woman,-99,No,No,No,No,No,Yes,No,Pass,Pass,0,1,Some financial stress,Woman,3.3333333333333335,6.375,44,20.75,27.75,33.5,2.6,4.333333333333333,Several of the days,0.3333333333333333,1.3333333333333333,Not at all
13885504265,13885505539,Strongly disagree,Nearly every day,Slightly agree,Slightly agree,Slightly agree,Agree,Slightly agree,Agree,0,0,61,56,38,50,73,30,80,78,45,52,43,53,34,46,35,13,15,35,9,9,10,25,Several of the days,Several of the days,Several of the days,Several of the days,Several of the days,Over half the days,Several of the days,Not at all,Not at all,Not at all,Several of the days,Several of the days,Several of the days,Agree,Agree,Agree,3,4,4,4,4,37,Woman,-99,No,No,No,No,No,No,No,Pass,Pass,0,0,No financial stress,Woman,5.333333333333333,38.5,63.75,44,24.5,13.25,3.8,6,Several of the days,1.3333333333333333,Not at all,Several of the days
13885504865,13885505177,Strongly disagree,Nearly every day,Agree,Agree,Agree,Agree,Agree,Slightly agree,71,52,34,79,75,46,100,21,100,100,98,70,97,100,52,51,23,34,97,85,9,19,13,88,Several of the days,Over half the days,Nearly every day,Several of the days,Several of the days,Several of the days,Nearly every day,Not at all,Over half the days,Several of the days,Several of the days,Over half the days,Several of the days,Neither agree nor disagree,Neither agree nor disagree,Strongly agree,Very typical of me,Very typical of me,Very typical of me,Very typical of me,Very typical of me,27,Woman,-99,Yes,Yes,Yes,Yes,No,Yes,Yes,Pass,Pass,0,6,Some financial stress,Woman,5.833333333333333,59.75,92,75,59.75,32.25,5,5,1.75,1.6666666666666667,Several of the days,1.3333333333333333
13885502692,13885503247,Strongly disagree,Nearly every day,Slightly agree,Strongly disagree,Strongly disagree,Slightly agree,Strongly disagree,Agree,0,0,0,13,0,0,0,0,10,25,10,40,55,40,55,40,60,0,66,20,67,51,30,21,Not at all,Not at all,Not at all,Not at all,Not at all,Not at all,Not at all,Not at all,Not at all,Not at all,Not at all,Not at all,Not at all,Somewhat agree,Somewhat disagree,Neither agree nor disagree,Not at all typical of me,Not at all typical of me,Not at all typical of me,Not at all typical of me,Not at all typical of me,55,Man,-99,No,No,No,No,No,No,No,Pass,Pass,0,0,No financial stress,Man,3.1666666666666665,1.625,21.25,47.5,36.5,42.25,1,4,Not at all,Not at all,Not at all,Not at all
13885504515,13885505044,Strongly disagree,Nearly every day,Agree,Slightly agree,Agree,Agree,Slightly agree,Slightly agree,0,0,10,37,0,7,0,0,45,71,44,41,55,26,48,33,18,19,64,32,0,0,0,50,Not at all,Not at all,Not at all,Not at all,Not at all,Not at all,Not at all,Not at all,Not at all,Not at all,Not at all,Not at all,Not at all,Somewhat disagree,Somewhat agree,Somewhat agree,Not at all typical of me,Not at all typical of me,2,Not at all typical of me,Not at all typical of me,61,Woman,-99,No,No,No,No,No,No,No,Pass,Pass,0,0,No financial stress,Woman,5.5,6.75,50.25,40.5,33.25,12.5,1.2,4.333333333333333,Not at all,Not at all,Not at all,Not at all
13885504645,13885504963,Strongly disagree,Nearly every day,Slightly agree,Slightly agree,Strongly agree,Agree,Slightly agree,Slightly agree,0,0,0,50,50,0,0,0,60,59,61,30,25,0,25,0,0,0,0,0,0,51,0,0,Not at all,Not at all,Not at all,Not at all,Not at all,Not at all,Not at all,Not at all,Not at all,Not at all,Not at all,Not at all,Not at all,Somewhat agree,Strongly agree,Strongly agree,Not at all typical of me,Not at all typical of me,Not at all typical of me,Not at all typical of me,Not at all typical of me,26,Man,-99,No,No,No,No,No,No,No,Pass,Pass,0,0,No financial stress,Man,5.5,12.5,52.5,12.5,0,12.75,1,6.333333333333333,Not at all,Not at all,Not at all,Not at all
13885500353,13885500759,Strongly disagree,Nearly every day,Agree,Slightly agree,Slightly agree,Agree,Slightly agree,Slightly agree,0,0,10,20,0,20,0,25,10,40,20,0,10,20,20,0,0,10,40,15,30,7,30,30,Not at all,Not at all,Not at all,Several of the days,Several of the days,Several of the days,Not at all,Several of the days,Not at all,Several of the days,Not at all,Not at all,Not at all,Agree,Agree,Somewhat agree,2,2,4,2,2,28,Woman,-99,No,No,No,No,No,No,No,Pass,Pass,0,0,No financial stress,Woman,5.333333333333333,9.375,17.5,12.5,16.25,24.25,2.4,5.666666666666667,0.25,0.6666666666666666,0.6666666666666666,Not at all
13885504342,13885505188,Strongly disagree,Nearly every day,Slightly agree,Slightly agree,Neither agree nor disagree,Agree,Agree,Agree,0,0,0,19,0,0,0,28,14,5,8,16,52,11,12,7,1,0,0,25,41,46,56,71,Not at all,Not at all,Not at all,Not at all,Several of the days,Not at all,Several of the days,Not at all,Not at all,Not at all,Several of the days,Not at all,Not at all,Neither agree nor disagree,Neither agree nor disagree,Neither agree nor disagree,2,2,2,3,2,24,Man,-99,No,No,No,No,No,No,No,Pass,Pass,0,0,No financial stress,Man,5.333333333333333,5.875,10.75,20.5,6.5,53.5,2.2,4,Not at all,0.6666666666666666,Not at all,0.3333333333333333
13885503327,13885503956,Strongly disagree,Nearly every day,Strongly agree,Slightly agree,Slightly agree,Agree,Slightly agree,Agree,20,0,0,38,34,61,100,0,0,20,0,5,0,24,0,0,0,0,0,0,0,0,0,0,Not at all,Not at all,Not at all,Not at all,Not at all,Not at all,Not at all,Not at all,Not at all,Not at all,Not at all,Not at all,Not at all,Strongly agree,Strongly agree,Strongly agree,Not at all typical of me,Not at all typical of me,Not at all typical of me,Not at all typical of me,Not at all typical of me,26,Man,-99,No,No,No,No,No,No,No,Pass,Pass,0,0,No financial stress,Man,5.666666666666667,31.625,6.25,6,0,0,1,7,Not at all,Not at all,Not at all,Not at all
13885503414,13885503839,Strongly disagree,Nearly every day,Strongly agree,Agree,Agree,Strongly agree,Agree,Agree,0,0,40,0,0,0,0,0,0,25,0,0,0,0,0,0,0,0,0,1,5,6,4,5,Not at all,Not at all,Not at all,Not at all,Not at all,Not at all,Not at all,Several of the days,Not at all,Not at all,Not at all,Not at all,Not at all,Somewhat agree,Somewhat agree,Somewhat agree,2,2,Not at all typical of me,Not at all typical of me,2,31,Woman,-99,Yes,No,No,No,No,Yes,No,Pass,Pass,0,2,Some financial stress,Woman,6.333333333333333,5,6.25,0,0.25,5,1.6,5,Not at all,Not at all,0.3333333333333333,Not at all
13885504517,13885505252,Strongly disagree,Nearly every day,Slightly disagree,Disagree,Disagree,Neither agree nor disagree,Disagree,Slightly disagree,0,0,20,50,5,10,0,0,1,8,1,7,65,20,35,14,2,1,4,30,44,43,27,10,Not at all,Not at all,Not at all,Not at all,Not at all,Not at all,Not at all,Not at all,Several of the days,Not at all,Not at all,Not at all,Several of the days,Disagree,Neither agree nor disagree,Neither agree nor disagree,3,4,3,4,4,52,Man,-99,No,No,No,No,No,No,No,Pass,Pass,0,0,No financial stress,Man,2.6666666666666665,10.625,4.25,33.5,9.25,31,3.6,3.3333333333333335,Not at all,Not at all,0.3333333333333333,0.3333333333333333
13885502945,13885503179,Strongly disagree,Nearly every day,Slightly agree,Disagree,Slightly agree,Slightly agree,Disagree,Disagree,0,0,16,8,0,0,0,0,63,63,53,39,0,0,0,0,30,0,25,0,0,0,0,0,Not at all,Not at all,Not at all,Not at all,Not at all,Not at all,Not at all,Not at all,Not at all,Not at all,Not at all,Not at all,Not at all,Somewhat agree,Strongly agree,Somewhat agree,2,2,2,4,2,27,Woman,-99,No,No,No,No,No,No,No,Pass,Pass,0,0,No financial stress,Woman,3.5,3,54.5,0,13.75,0,2.4,5.666666666666667,Not at all,Not at all,Not at all,Not at all
13885504574,13885505856,Strongly disagree,Nearly every day,Agree,Agree,Agree,Agree,Agree,Agree,0,0,0,70,0,0,0,0,0,50,0,10,0,0,0,0,0,0,0,0,50,50,51,0,Not at all,Not at all,Not at all,Not at all,Not at all,Not at all,Not at all,Not at all,Not at all,Not at all,Not at all,Not at all,Not at all,Agree,Agree,Agree,3,2,Not at all typical of me,2,2,67,Woman,-99,No,No,No,No,No,No,No,Pass,Pass,0,0,No financial stress,Woman,Agree,8.75,15,0,0,37.75,2,6,Not at all,Not at all,Not at all,Not at all
13885502035,13885502476,Strongly disagree,Nearly every day,Strongly agree,Slightly agree,Slightly agree,Agree,Agree,Agree,0,0,100,100,100,100,0,100,90,91,93,94,100,84,92,93,95,49,47,53,3,12,25,100,Several of the days,Not at all,Not at all,Not at all,Several of the days,Not at all,Several of the days,Not at all,Not at all,Not at all,Several of the days,Several of the days,Several of the days,Strongly agree,Agree,Agree,4,Very typical of me,4,4,4,27,Man,-99,No,No,No,Yes,No,Yes,No,Pass,Pass,0,2,Some financial stress,Man,5.833333333333333,62.5,92,92.25,61,35,4.2,6.333333333333333,0.25,0.6666666666666666,Not at all,Several of the days
13885498837,13885499749,Strongly disagree,Nearly every day,Strongly agree,Slightly agree,Agree,Agree,Slightly agree,Slightly agree,3,7,10,8,0,0,0,0,19,15,15,26,6,9,9,5,5,6,0,0,0,12,5,0,Not at all,Not at all,Not at all,Not at all,Not at all,Not at all,Not at all,Not at all,Not at all,Not at all,Not at all,Not at all,Not at all,Neither agree nor disagree,Neither agree nor disagree,Neither agree nor disagree,Very typical of me,Very typical of me,Very typical of me,Very typical of me,Very typical of me,26,Woman,-99,Yes,Yes,Yes,Yes,No,Yes,Yes,Pass,Pass,0,6,Some financial stress,Woman,5.666666666666667,3.5,18.75,7.25,2.75,4.25,5,4,Not at all,Not at all,Not at all,Not at all
13885502580,13885502982,Strongly disagree,Nearly every day,Slightly agree,Disagree,Agree,Slightly agree,Slightly agree,Slightly disagree,0,0,71,100,24,47,68,73,80,70,70,70,80,60,50,50,75,40,60,80,0,0,0,0,Several of the days,Not at all,Not at all,Several of the days,Several of the days,Several of the days,Not at all,Not at all,Not at all,Several of the days,Several of the days,Several of the days,Over half the days,Somewhat agree,Agree,Agree,4,4,2,2,3,19,Woman,-99,No,No,Yes,Yes,No,No,No,Pass,Pass,0,2,Some financial stress,Woman,4.333333333333333,47.875,72.5,60,63.75,0,3,5.666666666666667,0.5,0.6666666666666666,0.3333333333333333,1.3333333333333333
13885502935,13885503274,Strongly disagree,Nearly every day,Slightly agree,Slightly agree,Slightly disagree,Slightly agree,Neither agree nor disagree,Neither agree nor disagree,0,0,25,36,7,43,0,26,72,81,70,42,82,46,74,46,23,19,24,46,8,13,12,31,Several of the days,Several of the days,Several of the days,Not at all,Not at all,Not at all,Not at all,Several of the days,Several of the days,Several of the days,Not at all,Not at all,Not at all,Strongly agree,Strongly agree,Strongly agree,2,2,3,2,3,25,Man,-99,No,No,No,No,No,No,No,Pass,Pass,0,0,No financial stress,Man,4.333333333333333,17.125,66.25,62,28,16,2.4,7,0.75,Not at all,Several of the days,Not at all
13885500690,13885500965,Strongly disagree,Nearly every day,Slightly agree,Disagree,Slightly agree,Slightly agree,Slightly agree,Slightly agree,0,0,11,72,19,23,57,30,90,100,79,100,86,66,56,57,39,17,52,62,11,11,10,69,Not at all,Not at all,Not at all,Several of the days,Not at all,Not at all,Not at all,Not at all,Not at all,Not at all,Not at all,Not at all,Not at all,Somewhat agree,Neither agree nor disagree,Somewhat agree,Very typical of me,Very typical of me,Very typical of me,Very typical of me,Very typical of me,20,Woman,-99,No,No,No,No,No,No,No,Pass,Pass,0,0,No financial stress,Woman,4.5,26.5,92.25,66.25,42.5,25.25,5,4.666666666666667,0.25,Not at all,Not at all,Not at all
13885417455,13885418091,Strongly disagree,Nearly every day,Agree,Slightly agree,Agree,Agree,Slightly agree,Slightly agree,0,0,26,48,17,13,0,0,0,0,0,0,0,0,0,0,0,0,0,0,46,46,43,54,Not at all,Not at all,Not at all,Not at all,Not at all,Not at all,Not at all,Not at all,Not at all,Not at all,Not at all,Not at all,Not at all,Neither agree nor disagree,Neither agree nor disagree,Neither agree nor disagree,Not at all typical of me,Not at all typical of me,Not at all typical of me,Not at all typical of me,Not at all typical of me,65,Man,-99,No,No,No,No,No,No,No,Pass,Pass,0,0,No financial stress,Man,5.5,13,0,0,0,47.25,1,4,Not at all,Not at all,Not at all,Not at all
13885415078,13885415676,Strongly disagree,Nearly every day,Slightly agree,Strongly disagree,Slightly disagree,Slightly agree,Slightly disagree,Slightly agree,0,0,2,3,0,0,5,0,45,80,45,22,80,62,63,62,15,4,25,49,0,0,0,34,Not at all,Not at all,Not at all,Not at all,Not at all,Not at all,Not at all,Not at all,Not at all,Not at all,Not at all,Several of the days,Several of the days,Agree,Agree,Agree,3,3,4,2,4,27,Woman,-99,No,No,No,No,No,No,No,Pass,Pass,0,0,No financial stress,Woman,3.6666666666666665,1.25,48,66.75,23.25,8.5,3.2,6,Not at all,Not at all,Not at all,0.6666666666666666
13885504364,13885504696,Strongly disagree,Nearly every day,Disagree,Disagree,Slightly agree,Agree,Disagree,Slightly agree,0,0,31,39,0,0,35,57,96,100,90,82,92,81,89,84,76,77,90,92,11,9,7,24,Several of the days,Not at all,Several of the days,Not at all,Not at all,Not at all,Not at all,Not at all,Not at all,Not at all,Not at all,Not at all,Not at all,Agree,Agree,Agree,Very typical of me,Very typical of me,Very typical of me,Very typical of me,Very typical of me,30,Woman,-99,No,No,No,No,No,No,No,Pass,Pass,0,0,No financial stress,Woman,3.6666666666666665,20.25,92,86.5,83.75,12.75,5,6,0.5,Not at all,Not at all,Not at all
13885505219,13885505568,Strongly disagree,Nearly every day,Agree,Slightly agree,Neither agree nor disagree,Slightly agree,Neither agree nor disagree,Slightly disagree,0,0,6,46,5,2,20,2,56,47,58,70,84,29,26,31,26,6,55,45,8,13,9,45,Over half the days,Several of the days,Several of the days,Several of the days,Not at all,Not at all,Not at all,Several of the days,Not at all,Several of the days,Not at all,Not at all,Not at all,Agree,Somewhat agree,Somewhat agree,Very typical of me,4,Very typical of me,4,4,19,Woman,-99,No,Yes,No,No,No,Yes,No,Pass,Pass,0,2,Some financial stress,Woman,4.5,10.125,57.75,42.5,33,18.75,4.4,5.333333333333333,1.25,Not at all,0.6666666666666666,Not at all
13885504762,13885505139,Strongly disagree,Nearly every day,Slightly agree,Neither agree nor disagree,Slightly agree,Slightly agree,Slightly agree,Neither agree nor disagree,0,0,6,12,3,21,0,15,84,99,89,80,62,62,59,48,70,62,98,57,40,47,29,47,Several of the days,Not at all,Not at all,Several of the days,Not at all,Not at all,Not at all,Several of the days,Not at all,Not at all,Not at all,Not at all,Not at all,Neither agree nor disagree,Neither agree nor disagree,Somewhat agree,4,4,Very typical of me,Very typical of me,Very typical of me,43,Woman,-99,Yes,Yes,Yes,Yes,Yes,Yes,Yes,Pass,Pass,0,7,Some financial stress,Woman,4.666666666666667,7.125,88,57.75,71.75,40.75,4.6,4.333333333333333,0.5,Not at all,0.3333333333333333,Not at all
13885504348,13885504842,Strongly disagree,Nearly every day,Agree,Slightly agree,Slightly agree,Slightly agree,Agree,Agree,0,0,12,61,0,16,40,61,9,100,0,13,100,6,100,51,0,0,33,78,0,0,0,23,Not at all,Not at all,Not at all,Not at all,Not at all,Not at all,Not at all,Several of the days,Not at all,Not at all,Not at all,Not at all,Not at all,Strongly agree,Strongly agree,Agree,Not at all typical of me,Not at all typical of me,2,Not at all typical of me,Not at all typical of me,49,Man,-99,No,No,No,No,No,No,Yes,Pass,Pass,0,1,Some financial stress,Man,5.5,23.75,30.5,64.25,27.75,5.75,1.2,6.666666666666667,Not at all,Not at all,0.3333333333333333,Not at all
13885504294,13885504758,Strongly disagree,Nearly every day,Disagree,Disagree,Disagree,Slightly disagree,Disagree,Disagree,0,0,0,75,50,0,0,50,9,10,0,0,0,0,0,0,0,0,0,0,60,90,20,0,Not at all,Not at all,Not at all,Not at all,Not at all,Not at all,Not at all,Not at all,Not at all,Not at all,Not at all,Not at all,Not at all,Neither agree nor disagree,Disagree,Neither agree nor disagree,Not at all typical of me,Not at all typical of me,Not at all typical of me,Not at all typical of me,4,50,Man,-99,No,No,No,No,No,No,No,Pass,Pass,0,0,No financial stress,Man,2.1666666666666665,21.875,4.75,0,0,42.5,1.6,3.3333333333333335,Not at all,Not at all,Not at all,Not at all
13885503530,13885504300,Strongly disagree,Nearly every day,Slightly agree,Slightly agree,Agree,Agree,Agree,Agree,0,0,5,84,11,80,0,8,13,55,10,15,66,13,8,69,0,0,24,16,0,0,0,0,Not at all,Not at all,Not at all,Not at all,Not at all,Not at all,Several of the days,Not at all,Not at all,Not at all,Not at all,Not at all,Not at all,Strongly agree,Agree,Agree,3,3,3,2,2,56,Man,-99,No,No,No,No,No,No,No,Pass,Pass,0,0,No financial stress,Man,5.666666666666667,23.5,23.25,39,10,0,2.6,6.333333333333333,Not at all,0.3333333333333333,Not at all,Not at all
13885504955,13885505265,Strongly disagree,Nearly every day,Slightly agree,Slightly agree,Slightly agree,Slightly agree,Slightly agree,Slightly agree,6,0,33,23,0,32,0,0,72,69,68,75,64,31,33,26,53,6,12,58,5,6,16,8,Several of the days,Several of the days,Several of the days,Not at all,Not at all,Not at all,Not at all,Nearly every day,Not at all,Several of the days,Not at all,Not at all,Not at all,Neither agree nor disagree,Neither agree nor disagree,Neither agree nor disagree,4,4,4,4,4,46,Woman,-99,No,No,No,No,No,No,No,Pass,Pass,0,0,No financial stress,Woman,Slightly agree,11.75,71,38.5,32.25,8.75,4,4,0.75,Not at all,1.3333333333333333,Not at all
13885504965,13885505318,Strongly disagree,Nearly every day,Strongly disagree,Strongly disagree,Strongly disagree,Strongly disagree,Strongly disagree,Strongly disagree,0,0,0,0,0,0,0,0,0,0,0,0,0,0,0,0,0,0,0,0,0,0,0,0,Not at all,Not at all,Not at all,Not at all,Not at all,Not at all,Not at all,Not at all,Not at all,Not at all,Not at all,Not at all,Not at all,Strongly disagree,Strongly disagree,Strongly disagree,Not at all typical of me,Not at all typical of me,Not at all typical of me,Not at all typical of me,Not at all typical of me,39,Man,-99,No,No,No,No,No,No,No,Pass,Pass,0,0,No financial stress,Man,Strongly disagree,0,0,0,0,0,1,1,Not at all,Not at all,Not at all,Not at all
13885504939,13885505718,Strongly disagree,Nearly every day,Strongly disagree,Strongly disagree,Agree,Strongly agree,Strongly agree,Strongly agree,3,4,4,100,4,100,4,30,1,1,1,1,1,1,1,1,1,1,1,1,1,1,1,1,Not at all,Not at all,Not at all,Not at all,Not at all,Not at all,Not at all,Not at all,Not at all,Not at all,Not at all,Not at all,Not at all,Strongly agree,Strongly agree,Strongly agree,Not at all typical of me,Not at all typical of me,Not at all typical of me,Not at all typical of me,Not at all typical of me,23,Man,-99,Yes,Yes,Yes,Yes,No,Yes,Yes,Pass,Pass,0,6,Some financial stress,Man,4.833333333333333,31.125,1,1,1,1,1,7,Not at all,Not at all,Not at all,Not at all
13885504198,13885504604,Strongly disagree,Nearly every day,Disagree,Disagree,Slightly disagree,Slightly disagree,Disagree,Disagree,0,0,0,30,0,10,0,0,20,60,20,60,15,15,15,15,40,5,25,25,0,0,0,0,Several of the days,Not at all,Not at all,Several of the days,Not at all,Several of the days,Not at all,Not at all,Not at all,Not at all,Not at all,Not at all,Not at all,Somewhat agree,Strongly agree,Strongly agree,4,3,4,4,4,21,Man,-99,No,No,No,Yes,No,Yes,No,Pass,Pass,0,2,Some financial stress,Man,2.3333333333333335,5,40,15,23.75,0,3.8,6.333333333333333,0.5,0.3333333333333333,Not at all,Not at all
13885500297,13885500697,Strongly disagree,Nearly every day,Agree,Slightly agree,Strongly agree,Strongly agree,Strongly agree,Strongly agree,0,0,73,25,50,100,52,0,65,100,74,79,100,34,13,11,6,0,0,100,35,24,0,9,Several of the days,Not at all,Several of the days,Over half the days,Several of the days,Several of the days,Several of the days,Several of the days,Not at all,Not at all,Over half the days,Several of the days,Several of the days,Strongly agree,Neither agree nor disagree,Neither agree nor disagree,3,2,Very typical of me,3,4,19,Woman,-99,No,No,No,No,Yes,No,Yes,Pass,Pass,0,2,Some financial stress,Woman,6.5,37.5,79.5,39.5,26.5,17,3.4,5,Several of the days,Several of the days,0.3333333333333333,1.3333333333333333
13885502291,13885502762,Strongly disagree,Nearly every day,Slightly agree,Slightly agree,Slightly agree,Slightly agree,Agree,Slightly agree,0,0,20,25,0,10,10,1,11,23,14,10,28,13,41,7,4,5,27,20,74,71,77,63,Not at all,Not at all,Not at all,Not at all,Not at all,Not at all,Not at all,Not at all,Not at all,Not at all,Not at all,Not at all,Not at all,Somewhat disagree,Somewhat disagree,Somewhat agree,Not at all typical of me,Not at all typical of me,2,Not at all typical of me,Not at all typical of me,47,Man,-99,No,No,No,No,No,No,No,Pass,Pass,0,0,No financial stress,Man,5.166666666666667,8.25,14.5,22.25,14,71.25,1.2,3.6666666666666665,Not at all,Not at all,Not at all,Not at all
13885504373,13885504823,Strongly disagree,Nearly every day,Slightly agree,Neither agree nor disagree,Agree,Agree,Neither agree nor disagree,Slightly agree,0,0,20,53,13,56,0,41,36,78,34,38,99,86,67,83,55,0,49,47,0,0,0,30,Not at all,Not at all,Not at all,Not at all,Not at all,Not at all,Not at all,Not at all,Not at all,Not at all,Not at all,Not at all,Not at all,Agree,Somewhat agree,Somewhat agree,3,2,4,2,2,49,Woman,-99,No,No,No,No,No,Yes,No,Pass,Pass,0,1,Some financial stress,Woman,Slightly agree,22.875,46.5,83.75,37.75,7.5,2.6,5.333333333333333,Not at all,Not at all,Not at all,Not at all
13885500573,13885501143,Strongly disagree,Nearly every day,Slightly agree,Slightly agree,Neither agree nor disagree,Agree,Neither agree nor disagree,Neither agree nor disagree,5,10,10,25,5,0,15,0,65,70,60,75,20,5,5,0,15,0,25,25,0,5,0,10,Several of the days,Not at all,Not at all,Not at all,Not at all,Not at all,Not at all,Not at all,Not at all,Not at all,Not at all,Not at all,Not at all,Strongly agree,Strongly agree,Somewhat agree,4,3,4,Very typical of me,4,28,Woman,-99,No,No,No,No,No,No,No,Pass,Pass,0,0,No financial stress,Woman,4.666666666666667,8.75,67.5,7.5,16.25,3.75,4,6.333333333333333,0.25,Not at all,Not at all,Not at all
13885504597,13885504982,Strongly disagree,Nearly every day,Strongly disagree,Strongly disagree,Strongly disagree,Strongly disagree,Strongly disagree,Strongly disagree,0,0,0,0,0,0,0,0,20,19,21,20,20,16,22,11,0,0,13,16,0,0,0,0,Not at all,Not at all,Not at all,Not at all,Not at all,Not at all,Not at all,Not at all,Not at all,Not at all,Not at all,Not at all,Not at all,Agree,Agree,Agree,3,3,3,3,3,41,Man,-99,No,No,No,No,No,No,No,Pass,Pass,0,0,No financial stress,Man,Strongly disagree,0,20,17.25,7.25,0,3,6,Not at all,Not at all,Not at all,Not at all
13885415593,13885416097,Strongly disagree,Nearly every day,Slightly agree,Neither agree nor disagree,Neither agree nor disagree,Slightly agree,Neither agree nor disagree,Slightly disagree,0,0,0,20,0,5,5,1,45,77,45,49,81,77,81,70,21,2,81,81,1,1,6,6,Not at all,Not at all,Not at all,Not at all,Not at all,Not at all,Not at all,Not at all,Not at all,Not at all,Not at all,Not at all,Not at all,Strongly agree,Strongly agree,Strongly agree,4,Very typical of me,Very typical of me,Very typical of me,Very typical of me,29,Woman,-99,No,No,No,No,No,No,No,Pass,Pass,0,0,No financial stress,Woman,4.166666666666667,3.875,54,77.25,46.25,3.5,4.8,7,Not at all,Not at all,Not at all,Not at all
13885502556,13885502787,Strongly disagree,Nearly every day,Slightly agree,Slightly disagree,Slightly agree,Slightly agree,Slightly agree,Slightly agree,0,0,0,0,0,0,0,0,36,27,26,4,4,5,1,1,12,3,9,4,0,0,0,0,Several of the days,Several of the days,Several of the days,Several of the days,Not at all,Not at all,Not at all,Several of the days,Several of the days,Several of the days,Not at all,Not at all,Not at all,Somewhat agree,Strongly agree,Strongly agree,3,3,2,3,3,23,Woman,-99,No,No,No,No,No,No,No,Pass,Pass,0,0,No financial stress,Woman,4.666666666666667,0,23.25,2.75,7,0,2.8,6.333333333333333,Several of the days,Not at all,Several of the days,Not at all
13885504798,13885505166,Strongly disagree,Nearly every day,Disagree,Disagree,Disagree,Disagree,Disagree,Disagree,0,0,10,10,0,0,0,0,0,0,0,0,0,0,19,0,0,0,0,0,0,0,0,0,Not at all,Not at all,Not at all,Not at all,Not at all,Not at all,Not at all,Not at all,Not at all,Not at all,Not at all,Not at all,Not at all,Strongly disagree,Strongly disagree,Strongly disagree,Not at all typical of me,Not at all typical of me,Not at all typical of me,Not at all typical of me,Not at all typical of me,51,Woman,-99,No,No,No,No,No,No,No,Pass,Pass,0,0,No financial stress,Woman,Disagree,2.5,0,4.75,0,0,1,1,Not at all,Not at all,Not at all,Not at all
13885500395,13885500931,Strongly disagree,Nearly every day,Slightly agree,Slightly agree,Slightly agree,Slightly agree,Slightly disagree,Slightly disagree,3,0,70,85,10,0,53,76,100,100,100,100,100,100,100,100,68,66,82,79,0,0,0,0,Several of the days,Not at all,Several of the days,Not at all,Several of the days,Not at all,Not at all,Not at all,Not at all,Not at all,Several of the days,Several of the days,Several of the days,Strongly agree,Strongly agree,Strongly agree,Very typical of me,Very typical of me,Very typical of me,Very typical of me,Very typical of me,19,Woman,-99,No,No,No,No,No,Yes,No,Pass,Pass,0,1,Some financial stress,Woman,4.333333333333333,37.125,100,100,73.75,0,5,7,0.5,0.3333333333333333,Not at all,Several of the days
13885504061,13885504520,Strongly disagree,Nearly every day,Slightly agree,Disagree,Strongly disagree,Strongly disagree,Strongly disagree,Strongly disagree,0,0,37,91,90,5,0,70,31,70,29,40,55,47,50,50,34,5,35,52,8,9,5,11,Not at all,Not at all,Not at all,Not at all,Not at all,Not at all,Not at all,Not at all,Not at all,Not at all,Not at all,Not at all,Not at all,Strongly agree,Strongly agree,Strongly agree,2,Not at all typical of me,4,2,Not at all typical of me,27,Man,-99,No,No,No,No,No,No,No,Pass,Pass,0,0,No financial stress,Man,1.8333333333333333,36.625,42.5,50.5,31.5,8.25,2,7,Not at all,Not at all,Not at all,Not at all
13885504583,13885506302,Strongly disagree,Nearly every day,Slightly agree,Agree,Slightly agree,Slightly agree,Slightly agree,Slightly agree,0,0,50,56,0,10,0,6,71,72,60,78,81,64,59,77,66,32,84,69,53,65,57,66,Not at all,Not at all,Not at all,Not at all,Not at all,Not at all,Not at all,Not at all,Not at all,Not at all,Not at all,Not at all,Not at all,Neither agree nor disagree,Somewhat agree,Somewhat agree,3,3,3,3,3,38,Man,-99,No,No,Yes,No,No,Yes,No,Pass,Pass,0,2,Some financial stress,Man,5.166666666666667,15.25,70.25,70.25,62.75,60.25,3,4.666666666666667,Not at all,Not at all,Not at all,Not at all
13885504911,13885505751,Strongly disagree,Nearly every day,Agree,Slightly agree,Agree,Slightly agree,Slightly agree,Slightly agree,0,0,0,15,0,10,0,30,0,30,0,0,100,0,10,0,0,0,0,0,5,0,0,20,Not at all,Not at all,Not at all,Not at all,Not at all,Not at all,Not at all,Not at all,Not at all,Not at all,Not at all,Not at all,Not at all,Strongly agree,Strongly agree,Strongly agree,Not at all typical of me,Not at all typical of me,Not at all typical of me,Not at all typical of me,Not at all typical of me,52,Woman,-99,No,No,No,No,No,No,No,Pass,Pass,0,0,No financial stress,Woman,5.333333333333333,6.875,7.5,27.5,0,6.25,1,7,Not at all,Not at all,Not at all,Not at all
13885507863,13885508239,Strongly disagree,Nearly every day,Agree,Agree,Agree,Agree,Agree,Agree,0,0,9,36,4,32,53,31,46,67,46,65,75,58,78,46,28,5,25,39,23,32,42,52,Several of the days,Not at all,Not at all,Not at all,Several of the days,Several of the days,Several of the days,Several of the days,Not at all,Not at all,Several of the days,Several of the days,Several of the days,Somewhat agree,Somewhat agree,Agree,3,2,2,3,2,37,Man,-99,No,No,No,No,No,No,No,Pass,Pass,0,0,No financial stress,Man,Agree,20.625,56,64.25,24.25,37.25,2.4,5.333333333333333,0.25,Several of the days,0.3333333333333333,Several of the days
13885504946,13885505856,Strongly disagree,Nearly every day,Neither agree nor disagree,Neither agree nor disagree,Disagree,Disagree,Neither agree nor disagree,Neither agree nor disagree,0,0,0,100,20,0,100,0,20,74,35,69,91,79,86,90,64,18,27,39,31,23,23,22,Not at all,Not at all,Not at all,Not at all,Not at all,Not at all,Not at all,Not at all,Not at all,Not at all,Not at all,Not at all,Not at all,Strongly agree,Strongly agree,Strongly agree,Not at all typical of me,Not at all typical of me,2,2,2,47,Man,-99,No,No,No,No,No,No,No,Pass,Pass,0,0,No financial stress,Man,3.3333333333333335,27.5,49.5,86.5,37,24.75,1.6,7,Not at all,Not at all,Not at all,Not at all
13885502117,13885502576,Strongly disagree,Nearly every day,Slightly agree,Slightly agree,Agree,Slightly agree,Slightly agree,Slightly agree,0,0,53,90,82,72,50,52,37,44,36,36,50,53,54,51,15,14,37,27,35,33,36,38,Not at all,Not at all,Not at all,Several of the days,Not at all,Not at all,Not at all,Not at all,Not at all,Not at all,Several of the days,Several of the days,Several of the days,Agree,Agree,Agree,2,2,3,3,2,37,Man,-99,No,No,Yes,No,No,Yes,No,Pass,Pass,0,2,Some financial stress,Man,5.166666666666667,49.875,38.25,52,23.25,35.5,2.4,6,0.25,Not at all,Not at all,Several of the days
13885505120,13885505508,Strongly disagree,Nearly every day,Slightly agree,Slightly agree,Slightly agree,Agree,Slightly agree,Slightly agree,0,0,0,80,55,0,0,70,29,71,29,4,51,28,1,28,0,0,15,13,44,9,3,35,Not at all,Not at all,Not at all,Not at all,Not at all,Not at all,Not at all,Not at all,Not at all,Not at all,Not at all,Not at all,Not at all,Agree,Agree,Agree,3,Not at all typical of me,2,2,3,68,Woman,-99,No,No,No,No,No,No,No,Pass,Pass,0,0,No financial stress,Woman,5.166666666666667,25.625,33.25,27,7,22.75,2.2,6,Not at all,Not at all,Not at all,Not at all
13885499634,13885500374,Strongly disagree,Nearly every day,Slightly disagree,Strongly disagree,Disagree,Disagree,Disagree,Strongly disagree,0,0,0,15,0,0,0,0,0,0,0,0,0,0,0,0,0,0,0,0,50,75,0,0,Not at all,Not at all,Not at all,Not at all,Not at all,Not at all,Not at all,Not at all,Not at all,Not at all,Not at all,Not at all,Not at all,Strongly disagree,Disagree,Somewhat agree,Not at all typical of me,Not at all typical of me,2,Not at all typical of me,2,26,Man,-99,No,No,No,No,No,No,No,Pass,Pass,0,0,No financial stress,Man,1.8333333333333333,1.875,0,0,0,31.25,1.4,2.6666666666666665,Not at all,Not at all,Not at all,Not at all
13885504682,13885504972,Strongly disagree,Nearly every day,Slightly agree,Slightly agree,Slightly agree,Slightly agree,Slightly agree,Slightly agree,0,0,0,0,0,0,0,0,6,13,7,3,10,0,0,0,0,0,0,0,1,0,0,0,Not at all,Not at all,Not at all,Not at all,Not at all,Not at all,Not at all,Not at all,Not at all,Not at all,Not at all,Not at all,Not at all,Somewhat agree,Somewhat disagree,Somewhat agree,Not at all typical of me,Not at all typical of me,Not at all typical of me,Not at all typical of me,Not at all typical of me,58,Woman,-99,No,No,No,No,No,No,No,Pass,Pass,0,0,No financial stress,Woman,Slightly agree,0,7.25,2.5,0,0.25,1,4.333333333333333,Not at all,Not at all,Not at all,Not at all
13885500898,13885501398,Strongly disagree,Nearly every day,Slightly agree,Slightly agree,Slightly agree,Slightly agree,Slightly agree,Agree,2,13,68,63,44,47,15,26,68,62,59,50,61,20,31,15,16,11,45,34,64,66,74,70,Not at all,Several of the days,Not at all,Not at all,Not at all,Not at all,Not at all,Not at all,Not at all,Not at all,Several of the days,Not at all,Not at all,Somewhat disagree,Somewhat disagree,Somewhat agree,2,4,4,4,3,45,Woman,-99,Yes,No,Yes,Yes,No,Yes,No,Pass,Pass,0,4,Some financial stress,Woman,5.166666666666667,34.75,59.75,31.75,26.5,68.5,3.4,3.6666666666666665,0.25,Not at all,Not at all,0.3333333333333333
13885500784,13885501136,Strongly disagree,Nearly every day,Slightly agree,Disagree,Disagree,Disagree,Disagree,Disagree,0,0,0,0,0,0,0,0,29,73,30,75,93,0,0,0,0,0,31,32,0,0,0,0,Not at all,Not at all,Not at all,Not at all,Not at all,Not at all,Not at all,Not at all,Not at all,Not at all,Not at all,Not at all,Not at all,Somewhat agree,Somewhat agree,Agree,2,Not at all typical of me,4,2,Not at all typical of me,29,Woman,-99,No,Yes,No,No,No,No,No,Pass,Pass,0,1,Some financial stress,Woman,2.5,0,51.75,23.25,15.75,0,2,5.333333333333333,Not at all,Not at all,Not at all,Not at all
13885498865,13885499261,Strongly disagree,Nearly every day,Slightly agree,Neither agree nor disagree,Slightly disagree,Agree,Neither agree nor disagree,Agree,0,0,0,0,0,0,0,0,20,60,20,60,50,10,50,10,0,0,0,40,0,0,0,0,Not at all,Not at all,Not at all,Not at all,Not at all,Not at all,Not at all,Not at all,Not at all,Not at all,Not at all,Not at all,Not at all,Somewhat agree,Strongly agree,Strongly agree,Very typical of me,Very typical of me,Very typical of me,Very typical of me,Very typical of me,22,Woman,-99,No,No,Yes,No,No,Yes,No,Pass,Pass,0,2,Some financial stress,Woman,4.666666666666667,0,40,30,10,0,5,6.333333333333333,Not at all,Not at all,Not at all,Not at all
13885501091,13885501569,Strongly disagree,Nearly every day,Slightly agree,Slightly agree,Slightly agree,Slightly agree,Slightly agree,Slightly agree,0,0,0,0,0,0,0,0,44,55,43,25,9,7,8,6,6,4,8,8,56,61,51,57,Not at all,Not at all,Not at all,Not at all,Not at all,Not at all,Not at all,Several of the days,Not at all,Not at all,Not at all,Not at all,Not at all,Somewhat agree,Somewhat agree,Somewhat agree,4,3,3,3,3,39,Man,-99,No,No,No,No,No,No,No,Pass,Pass,0,0,No financial stress,Man,Slightly agree,0,41.75,7.5,6.5,56.25,3.2,5,Not at all,Not at all,0.3333333333333333,Not at all
13885504796,13885505639,Strongly disagree,Nearly every day,Slightly agree,Slightly agree,Neither agree nor disagree,Slightly disagree,Neither agree nor disagree,Slightly disagree,1,5,3,5,2,2,2,16,14,12,18,11,22,10,28,6,14,8,9,8,22,28,24,20,Not at all,Not at all,Not at all,Several of the days,Not at all,Several of the days,Several of the days,Not at all,Several of the days,Not at all,Several of the days,Several of the days,Over half the days,Somewhat disagree,Somewhat agree,Agree,3,3,3,3,2,35,Man,-99,No,Yes,No,Yes,No,Yes,No,Pass,Pass,0,3,Some financial stress,Man,Neither agree nor disagree,4.5,13.75,16.5,9.75,23.5,2.8,4.666666666666667,0.25,0.6666666666666666,0.3333333333333333,1.3333333333333333
13885502270,13885502658,Strongly disagree,Nearly every day,Agree,Agree,Agree,Agree,Agree,Agree,0,16,16,34,0,0,23,0,62,62,63,44,71,71,67,63,21,19,72,70,31,37,27,64,Not at all,Not at all,Not at all,Not at all,Not at all,Not at all,Not at all,Not at all,Not at all,Not at all,Not at all,Not at all,Not at all,Somewhat agree,Agree,Agree,2,2,2,2,2,24,Man,-99,No,No,No,No,No,No,No,Pass,Pass,0,0,No financial stress,Man,Agree,11.125,57.75,68,45.5,39.75,2,5.666666666666667,Not at all,Not at all,Not at all,Not at all
13885504726,13885505075,Strongly disagree,Nearly every day,Agree,Slightly agree,Slightly agree,Slightly agree,Slightly agree,Agree,0,0,0,0,0,0,0,0,25,40,34,42,14,20,23,20,18,8,4,13,10,11,17,14,Not at all,Not at all,Not at all,Not at all,Not at all,Not at all,Not at all,Not at all,Not at all,Not at all,Not at all,Not at all,Not at all,Neither agree nor disagree,Neither agree nor disagree,Neither agree nor disagree,Not at all typical of me,Not at all typical of me,Not at all typical of me,Not at all typical of me,Not at all typical of me,62,Man,-99,No,No,No,No,No,No,No,Pass,Pass,0,0,No financial stress,Man,5.333333333333333,0,35.25,19.25,10.75,13,1,4,Not at all,Not at all,Not at all,Not at all
13885503410,13885504026,Strongly disagree,Nearly every day,Strongly disagree,Strongly disagree,Strongly disagree,Strongly disagree,Strongly disagree,Strongly disagree,0,0,0,0,0,0,0,0,0,0,0,0,0,0,0,0,0,0,0,0,0,0,0,0,Not at all,Not at all,Not at all,Not at all,Not at all,Not at all,Not at all,Not at all,Not at all,Not at all,Not at all,Not at all,Not at all,Strongly disagree,Strongly disagree,Strongly disagree,Not at all typical of me,Not at all typical of me,3,Not at all typical of me,Not at all typical of me,41,Man,-99,No,No,No,No,No,No,No,Pass,Pass,0,0,No financial stress,Man,Strongly disagree,0,0,0,0,0,1.4,1,Not at all,Not at all,Not at all,Not at all
13885504996,13885506954,Strongly disagree,Nearly every day,Agree,Slightly agree,Slightly agree,Slightly agree,Slightly agree,Slightly agree,0,0,75,70,70,40,50,50,43,57,40,28,30,17,7,8,0,0,22,7,10,11,0,11,Not at all,Not at all,Not at all,Not at all,Not at all,Not at all,Not at all,Not at all,Not at all,Not at all,Not at all,Not at all,Not at all,Somewhat agree,Somewhat agree,Somewhat agree,3,3,3,3,3,27,Woman,-99,No,No,No,No,No,No,No,Pass,Pass,0,0,No financial stress,Woman,5.166666666666667,44.375,42,15.5,7.25,8,3,5,Not at all,Not at all,Not at all,Not at all
13885416079,13885417056,Strongly disagree,Nearly every day,Strongly agree,Agree,Agree,Strongly agree,Strongly agree,Strongly agree,0,0,0,50,0,27,0,25,10,5,5,0,50,0,36,0,0,0,0,20,0,0,0,60,Not at all,Not at all,Not at all,Not at all,Not at all,Not at all,Not at all,Not at all,Not at all,Not at all,Not at all,Not at all,Not at all,Agree,Agree,Disagree,Not at all typical of me,2,4,Not at all typical of me,3,31,Man,-99,Yes,Yes,Yes,Yes,Yes,Yes,Yes,Pass,Pass,0,7,Some financial stress,Man,6.666666666666667,12.75,5,21.5,5,15,2.2,4.666666666666667,Not at all,Not at all,Not at all,Not at all
13885501997,13885502746,Strongly disagree,Nearly every day,Strongly agree,Disagree,Agree,Slightly agree,Slightly agree,Neither agree nor disagree,0,0,0,54,11,100,100,50,81,100,74,100,100,60,60,60,100,36,66,28,4,3,7,58,Several of the days,Several of the days,Over half the days,Several of the days,Several of the days,Several of the days,Several of the days,Not at all,Not at all,Not at all,Over half the days,Several of the days,Over half the days,Somewhat agree,Agree,Somewhat agree,4,Very typical of me,4,4,Very typical of me,27,Woman,-99,No,No,Yes,No,No,Yes,No,Pass,Pass,0,2,Some financial stress,Woman,4.833333333333333,39.375,88.75,70,57.5,18,4.4,5.333333333333333,1.25,Several of the days,Not at all,1.6666666666666667
13885504612,13885505166,Strongly disagree,Nearly every day,Slightly agree,Slightly agree,Agree,Strongly agree,Neither agree nor disagree,Slightly agree,0,0,0,30,3,1,0,0,44,60,30,60,7,15,15,15,23,0,23,26,17,14,9,31,Several of the days,Not at all,Not at all,Not at all,Several of the days,Several of the days,Not at all,Not at all,Not at all,Not at all,Several of the days,Several of the days,Several of the days,Somewhat agree,Somewhat agree,Agree,3,4,4,3,3,19,Woman,-99,No,No,No,No,No,No,No,Pass,Pass,0,0,No financial stress,Woman,5.333333333333333,4.25,48.5,13,18,17.75,3.4,5.333333333333333,0.25,0.6666666666666666,Not at all,Several of the days
13885501053,13885501482,Strongly disagree,Nearly every day,Slightly agree,Slightly agree,Agree,Agree,Slightly agree,Slightly agree,0,0,0,26,0,16,0,12,81,81,83,75,67,87,48,68,19,14,39,39,14,15,15,60,Not at all,Not at all,Several of the days,Not at all,Not at all,Not at all,Not at all,Not at all,Not at all,Not at all,Not at all,Not at all,Not at all,Somewhat agree,Somewhat agree,Somewhat agree,3,3,4,4,3,32,Woman,-99,Yes,No,Yes,No,No,No,Yes,Pass,Pass,0,3,Some financial stress,Woman,5.333333333333333,6.75,80,67.5,27.75,26,3.4,5,0.25,Not at all,Not at all,Not at all
13885504684,13885505323,Strongly disagree,Nearly every day,Slightly agree,Strongly disagree,Slightly disagree,Agree,Slightly agree,Agree,1,1,1,17,1,50,1,1,50,50,50,1,1,1,1,1,1,1,1,1,1,1,1,1,Not at all,Not at all,Not at all,Not at all,Not at all,Several of the days,Not at all,Not at all,Not at all,Not at all,Several of the days,Not at all,Not at all,Agree,Somewhat agree,Somewhat agree,4,4,4,Very typical of me,4,22,Woman,-99,No,No,No,No,No,No,No,Pass,Pass,0,0,No financial stress,Woman,4.333333333333333,9.125,37.75,1,1,1,4.2,5.333333333333333,Not at all,0.3333333333333333,Not at all,0.3333333333333333
13885507824,13885508344,Strongly disagree,Nearly every day,Agree,Slightly agree,Agree,Agree,Slightly agree,Slightly agree,0,0,0,69,18,50,50,50,70,80,70,62,73,80,63,71,72,50,90,39,33,45,45,61,Not at all,Not at all,Not at all,Not at all,Not at all,Not at all,Not at all,Not at all,Not at all,Not at all,Not at all,Not at all,Not at all,Strongly agree,Somewhat agree,Somewhat agree,3,3,3,4,4,51,Man,-99,No,Yes,Yes,Yes,No,No,No,Pass,Pass,0,3,Some financial stress,Man,5.5,29.625,70.5,71.75,62.75,46,3.4,5.666666666666667,Not at all,Not at all,Not at all,Not at all
13885503639,13885504332,Strongly disagree,Nearly every day,Slightly disagree,Disagree,Disagree,Neither agree nor disagree,Slightly disagree,Disagree,0,0,0,26,0,0,0,26,0,0,0,0,0,0,0,0,0,0,0,0,0,0,0,0,Not at all,Not at all,Not at all,Not at all,Not at all,Not at all,Not at all,Not at all,Not at all,Not at all,Not at all,Not at all,Not at all,Agree,Somewhat agree,Somewhat agree,3,3,4,4,4,54,Man,-99,Yes,Yes,Yes,Yes,No,Yes,No,Pass,Pass,0,5,Some financial stress,Man,2.6666666666666665,6.5,0,0,0,0,3.6,5.333333333333333,Not at all,Not at all,Not at all,Not at all
13885502161,13885502783,Strongly disagree,Nearly every day,Disagree,Strongly disagree,Slightly disagree,Slightly agree,Slightly agree,Slightly agree,0,0,0,21,9,0,0,0,72,52,60,62,45,59,61,61,0,7,11,62,6,6,6,32,Not at all,Not at all,Not at all,Not at all,Not at all,Not at all,Not at all,Not at all,Not at all,Not at all,Not at all,Not at all,Not at all,Strongly agree,Strongly agree,Strongly agree,2,Not at all typical of me,2,2,2,39,Man,-99,No,No,No,No,No,No,No,Pass,Pass,0,0,No financial stress,Man,3.5,3.75,61.5,56.5,20,12.5,1.8,7,Not at all,Not at all,Not at all,Not at all
13885504283,13885504636,Strongly disagree,Nearly every day,Slightly agree,Slightly disagree,Slightly agree,Slightly agree,Slightly disagree,Slightly disagree,16,17,63,90,39,52,16,8,40,89,54,44,64,63,57,58,77,6,87,79,13,12,10,39,Not at all,Not at all,Not at all,Not at all,Not at all,Several of the days,Not at all,Not at all,Not at all,Not at all,Not at all,Not at all,Not at all,Strongly agree,Strongly agree,Strongly agree,3,4,4,4,3,32,Woman,-99,No,No,No,No,No,No,No,Pass,Pass,0,0,No financial stress,Woman,Neither agree nor disagree,37.625,56.75,60.5,62.25,18.5,3.6,7,Not at all,0.3333333333333333,Not at all,Not at all
13885504614,13885505644,Strongly disagree,Nearly every day,Slightly agree,Slightly agree,Neither agree nor disagree,Neither agree nor disagree,Neither agree nor disagree,Slightly agree,0,0,35,40,17,28,0,30,11,55,16,39,49,41,41,33,20,5,10,34,47,45,51,54,Several of the days,Not at all,Not at all,Not at all,Several of the days,Several of the days,Several of the days,Not at all,Not at all,Not at all,Not at all,Several of the days,Not at all,Agree,Somewhat agree,Somewhat agree,3,2,2,Not at all typical of me,2,43,Man,-99,No,No,No,No,No,No,No,Pass,Pass,0,0,No financial stress,Man,4.5,18.75,30.25,41,17.25,49.25,2,5.333333333333333,0.25,Several of the days,Not at all,0.3333333333333333
13885504737,13885505384,Strongly disagree,Nearly every day,Strongly disagree,Strongly disagree,Neither agree nor disagree,Neither agree nor disagree,Neither agree nor disagree,Neither agree nor disagree,0,0,0,8,1,0,0,0,0,0,0,0,0,0,0,0,0,0,0,0,0,0,0,0,Not at all,Not at all,Not at all,Not at all,Not at all,Not at all,Not at all,Not at all,Not at all,Not at all,Not at all,Not at all,Not at all,Neither agree nor disagree,Strongly agree,Strongly agree,4,Very typical of me,Very typical of me,3,Very typical of me,37,Man,-99,No,Yes,No,Yes,No,Yes,No,Pass,Pass,0,3,Some financial stress,Man,Slightly disagree,1.125,0,0,0,0,4.4,6,Not at all,Not at all,Not at all,Not at all
13885503082,13885503575,Strongly disagree,Nearly every day,Slightly agree,Slightly agree,Slightly disagree,Slightly disagree,Neither agree nor disagree,Slightly disagree,0,0,0,27,9,0,0,22,41,68,40,73,74,45,59,48,63,38,69,69,37,36,36,35,Several of the days,Not at all,Not at all,Not at all,Several of the days,Not at all,Not at all,Several of the days,Not at all,Not at all,Not at all,Not at all,Several of the days,Agree,Agree,Agree,Very typical of me,Very typical of me,Very typical of me,Very typical of me,Very typical of me,45,Woman,-99,Yes,No,No,Yes,No,No,No,Pass,Pass,0,2,Some financial stress,Woman,3.8333333333333335,7.25,55.5,56.5,59.75,36,5,6,0.25,0.3333333333333333,0.3333333333333333,0.3333333333333333
13885504396,13885504833,Strongly disagree,Nearly every day,Slightly agree,Neither agree nor disagree,Agree,Strongly agree,Slightly agree,Slightly disagree,0,0,8,45,0,0,13,0,54,89,74,63,96,96,94,83,71,60,46,54,12,14,22,21,Not at all,Not at all,Not at all,Several of the days,Not at all,Not at all,Not at all,Not at all,Not at all,Not at all,Several of the days,Not at all,Several of the days,Strongly agree,Strongly agree,Strongly agree,3,4,4,3,4,29,Woman,-99,No,No,No,No,No,No,No,Pass,Pass,0,0,No financial stress,Woman,Slightly agree,8.25,70,92.25,57.75,17.25,3.6,7,0.25,Not at all,Not at all,0.6666666666666666
13885503270,13885503886,Strongly disagree,Nearly every day,Slightly agree,Slightly agree,Slightly agree,Agree,Neither agree nor disagree,Slightly agree,0,0,10,15,0,0,0,0,25,35,20,15,22,10,15,8,30,0,15,0,30,20,20,15,Not at all,Not at all,Not at all,Not at all,Not at all,Not at all,Not at all,Not at all,Not at all,Not at all,Several of the days,Several of the days,Several of the days,Somewhat disagree,Somewhat agree,Agree,3,4,4,2,4,31,Man,-99,No,No,No,No,No,No,No,Pass,Pass,0,0,No financial stress,Man,Slightly agree,3.125,23.75,13.75,11.25,21.25,3.4,4.666666666666667,Not at all,Not at all,Not at all,Several of the days
13885504297,13885504880,Strongly disagree,Nearly every day,Slightly agree,Slightly agree,Slightly agree,Slightly agree,Slightly agree,Slightly agree,0,0,0,0,0,0,12,0,10,13,16,18,18,20,11,13,13,11,14,14,0,0,0,0,Not at all,Not at all,Not at all,Not at all,Not at all,Not at all,Not at all,Not at all,Not at all,Not at all,Not at all,Not at all,Not at all,Neither agree nor disagree,Neither agree nor disagree,Neither agree nor disagree,4,4,4,4,4,20,Man,-99,No,No,No,No,No,No,No,Pass,Pass,0,0,No financial stress,Man,Slightly agree,1.5,14.25,15.5,13,0,4,4,Not at all,Not at all,Not at all,Not at all
13885501802,13885502466,Strongly disagree,Nearly every day,Neither agree nor disagree,Disagree,Slightly agree,Slightly disagree,Slightly disagree,Strongly disagree,0,0,0,100,65,30,25,5,25,41,45,15,75,75,5,10,5,1,6,30,0,0,0,0,Not at all,Not at all,Not at all,Not at all,Not at all,Not at all,Not at all,Not at all,Not at all,Not at all,Not at all,Not at all,Not at all,Strongly agree,Strongly agree,Strongly agree,2,2,3,Not at all typical of me,2,20,Woman,-99,No,No,No,No,No,No,No,Pass,Pass,0,0,No financial stress,Woman,Slightly disagree,28.125,31.5,41.25,10.5,0,2,7,Not at all,Not at all,Not at all,Not at all
13885501899,13885502336,Strongly disagree,Nearly every day,Slightly agree,Slightly agree,Agree,Agree,Slightly agree,Slightly disagree,0,0,0,0,0,0,0,0,13,11,11,9,1,2,3,2,0,0,5,6,31,43,53,9,Not at all,Not at all,Not at all,Not at all,Not at all,Not at all,Not at all,Not at all,Not at all,Not at all,Not at all,Not at all,Not at all,Somewhat agree,Somewhat agree,Neither agree nor disagree,Not at all typical of me,Not at all typical of me,Not at all typical of me,Not at all typical of me,Not at all typical of me,20,Man,-99,No,No,Yes,Yes,No,Yes,No,Pass,Pass,0,3,Some financial stress,Man,Slightly agree,0,11,2,2.75,34,1,4.666666666666667,Not at all,Not at all,Not at all,Not at all
13885502607,13885503628,Strongly disagree,Nearly every day,Slightly agree,Slightly agree,Slightly agree,Slightly agree,Slightly agree,Slightly agree,0,0,0,5,0,0,0,0,0,5,0,0,0,0,0,0,0,0,0,0,0,0,0,0,Not at all,Not at all,Not at all,Not at all,Not at all,Not at all,Not at all,Not at all,Not at all,Not at all,Not at all,Not at all,Not at all,Disagree,Disagree,Disagree,2,Not at all typical of me,Not at all typical of me,Not at all typical of me,Not at all typical of me,53,Woman,-99,No,No,No,No,No,No,No,Pass,Pass,0,0,No financial stress,Woman,Slightly agree,0.625,1.25,0,0,0,1.2,2,Not at all,Not at all,Not at all,Not at all
13885502878,13885503389,Strongly disagree,Nearly every day,Agree,Slightly agree,Slightly agree,Agree,Slightly agree,Slightly agree,0,0,10,20,0,0,100,20,60,80,60,25,30,2,2,2,30,0,10,10,0,0,0,5,Not at all,Not at all,Not at all,Not at all,Not at all,Not at all,Not at all,Not at all,Not at all,Not at all,Not at all,Not at all,Not at all,Somewhat agree,Somewhat agree,Agree,2,2,3,2,2,46,Woman,-99,No,No,No,No,No,Yes,No,Pass,Pass,0,1,Some financial stress,Woman,5.333333333333333,18.75,56.25,9,12.5,1.25,2.2,5.333333333333333,Not at all,Not at all,Not at all,Not at all
13885505202,13885506551,Strongly disagree,Nearly every day,Slightly agree,Slightly agree,Agree,Agree,Slightly agree,Slightly agree,0,0,0,80,50,68,0,40,55,75,55,75,90,70,90,55,55,50,85,60,40,40,40,71,Not at all,Not at all,Not at all,Not at all,Not at all,Not at all,Not at all,Not at all,Not at all,Not at all,Several of the days,Several of the days,Not at all,Strongly agree,Strongly agree,Strongly agree,2,2,2,2,3,31,Woman,-99,No,No,No,No,No,Yes,No,Pass,Pass,0,1,Some financial stress,Woman,5.333333333333333,29.75,65,76.25,62.5,47.75,2.2,7,Not at all,Not at all,Not at all,0.6666666666666666
13885504909,13885505097,Strongly disagree,Nearly every day,Agree,Agree,Strongly agree,Agree,Agree,Agree,20,7,55,58,51,33,2,45,73,71,66,47,62,80,77,80,18,10,79,72,21,43,57,46,Several of the days,Several of the days,Several of the days,Several of the days,Several of the days,Several of the days,Several of the days,Over half the days,Several of the days,Several of the days,Several of the days,Several of the days,Several of the days,Agree,Agree,Agree,3,3,4,4,4,31,Man,-99,No,No,No,No,No,Yes,No,Pass,Pass,0,1,Some financial stress,Man,6.166666666666667,33.875,64.25,74.75,44.75,41.75,3.6,6,Several of the days,Several of the days,1.3333333333333333,Several of the days
13885502298,13885503135,Strongly disagree,Nearly every day,Slightly agree,Slightly agree,Agree,Agree,Slightly agree,Agree,0,1,0,0,0,0,5,0,30,40,5,5,5,0,0,0,20,0,0,15,0,0,0,0,Not at all,Not at all,Not at all,Not at all,Not at all,Not at all,Not at all,Not at all,Not at all,Not at all,Not at all,Not at all,Not at all,Agree,Somewhat agree,Somewhat agree,Very typical of me,Very typical of me,Very typical of me,3,Very typical of me,36,Woman,-99,No,No,No,No,No,No,No,Pass,Pass,0,0,No financial stress,Woman,5.5,0.75,20,1.25,8.75,0,4.6,5.333333333333333,Not at all,Not at all,Not at all,Not at all
13885502150,13885503391,Strongly disagree,Nearly every day,Neither agree nor disagree,Slightly agree,Neither agree nor disagree,Neither agree nor disagree,Neither agree nor disagree,Neither agree nor disagree,0,0,0,0,0,0,0,0,0,0,0,0,1,0,0,0,0,0,0,0,0,0,0,0,Not at all,Not at all,Not at all,Not at all,Not at all,Not at all,Not at all,Not at all,Not at all,Not at all,Not at all,Not at all,Not at all,Somewhat disagree,Neither agree nor disagree,Neither agree nor disagree,Not at all typical of me,Not at all typical of me,2,Not at all typical of me,Not at all typical of me,63,Man,-99,Yes,No,No,No,No,No,Yes,Pass,Pass,0,2,Some financial stress,Man,4.166666666666667,0,0,0.25,0,0,1.2,3.6666666666666665,Not at all,Not at all,Not at all,Not at all
13885501539,13885502246,Strongly disagree,Nearly every day,Slightly agree,Slightly agree,Strongly agree,Strongly agree,Agree,Agree,0,0,0,63,26,37,19,52,2,32,9,11,42,5,10,4,1,0,0,5,25,25,25,18,Not at all,Not at all,Not at all,Not at all,Not at all,Not at all,Not at all,Not at all,Not at all,Not at all,Several of the days,Not at all,Several of the days,Strongly agree,Somewhat agree,Agree,3,4,Very typical of me,3,3,24,Woman,-99,No,No,No,No,No,Yes,No,Pass,Pass,0,1,Some financial stress,Woman,Agree,24.625,13.5,15.25,1.5,23.25,3.6,6,Not at all,Not at all,Not at all,0.6666666666666666
13885507823,13885508391,Strongly disagree,Nearly every day,Neither agree nor disagree,Disagree,Slightly agree,Agree,Slightly disagree,Strongly disagree,0,0,0,42,8,0,17,52,61,78,47,90,63,55,60,69,61,39,53,75,13,17,7,34,Several of the days,Several of the days,Several of the days,Several of the days,Several of the days,Not at all,Several of the days,Not at all,Not at all,Several of the days,Not at all,Several of the days,Several of the days,Strongly agree,Strongly agree,Agree,Very typical of me,Very typical of me,Very typical of me,Very typical of me,4,19,Man,-99,No,No,No,Yes,No,No,No,Pass,Pass,0,1,Some financial stress,Man,3.5,14.875,69,61.75,57,17.75,4.8,6.666666666666667,Several of the days,0.6666666666666666,0.3333333333333333,0.6666666666666666
13885504785,13885505055,Strongly disagree,Nearly every day,Slightly agree,Slightly agree,Agree,Agree,Agree,Agree,65,66,0,77,73,0,0,0,80,80,80,47,24,85,46,85,50,14,65,42,1,1,1,30,Not at all,Not at all,Not at all,Not at all,Not at all,Not at all,Not at all,Not at all,Not at all,Not at all,Not at all,Not at all,Not at all,Agree,Agree,Agree,2,2,2,2,2,43,Man,-99,No,No,No,No,No,No,No,Pass,Pass,0,0,No financial stress,Man,5.666666666666667,35.125,71.75,60,42.75,8.25,2,6,Not at all,Not at all,Not at all,Not at all
13885504460,13885504916,Strongly disagree,Nearly every day,Slightly agree,Disagree,Slightly agree,Agree,Disagree,Slightly agree,0,0,20,85,28,69,19,10,78,85,79,72,90,70,46,71,81,61,70,70,33,30,29,60,Several of the days,Several of the days,Several of the days,Not at all,Not at all,Not at all,Not at all,Several of the days,Not at all,Several of the days,Not at all,Not at all,Not at all,Strongly agree,Strongly agree,Strongly agree,4,4,4,Very typical of me,4,26,Woman,-99,No,No,No,No,No,Yes,Yes,Pass,Pass,0,2,Some financial stress,Woman,4.166666666666667,28.875,78.5,69.25,70.5,38,4.2,7,0.75,Not at all,0.6666666666666666,Not at all
13885504653,13885505218,Strongly disagree,Nearly every day,Neither agree nor disagree,Slightly disagree,Slightly agree,Slightly agree,Slightly agree,Slightly agree,0,0,0,60,0,0,0,50,65,85,65,85,95,90,90,95,80,70,50,55,25,25,15,50,Not at all,Not at all,Several of the days,Not at all,Not at all,Not at all,Not at all,Not at all,Several of the days,Not at all,Not at all,Not at all,Not at all,Agree,Strongly agree,Strongly agree,3,4,3,3,3,41,Man,-99,Yes,No,No,Yes,No,No,No,Pass,Pass,0,2,Some financial stress,Man,4.5,13.75,75,92.5,63.75,28.75,3.2,6.666666666666667,0.25,Not at all,0.3333333333333333,Not at all
13885502152,13885502443,Strongly disagree,Nearly every day,Slightly agree,Slightly agree,Agree,Agree,Agree,Slightly agree,0,0,12,0,0,0,0,0,8,56,22,4,100,29,7,15,31,13,27,11,3,7,6,14,Not at all,Not at all,Not at all,Not at all,Not at all,Not at all,Not at all,Not at all,Not at all,Not at all,Not at all,Not at all,Not at all,Agree,Strongly agree,Somewhat agree,2,Not at all typical of me,2,Not at all typical of me,Not at all typical of me,38,Woman,-99,No,No,No,No,No,No,No,Pass,Pass,0,0,No financial stress,Woman,5.5,1.5,22.5,37.75,20.5,7.5,1.4,6,Not at all,Not at all,Not at all,Not at all
13885504294,13885504655,Strongly disagree,Nearly every day,Disagree,Disagree,Strongly disagree,Disagree,Slightly disagree,Strongly disagree,0,0,0,20,10,15,0,0,0,10,0,0,0,0,0,0,0,0,0,0,0,0,0,0,Not at all,Not at all,Not at all,Not at all,Not at all,Not at all,Not at all,Not at all,Not at all,Not at all,Not at all,Not at all,Not at all,Agree,Somewhat agree,Somewhat agree,2,2,3,2,Not at all typical of me,21,Man,-99,No,No,Yes,No,No,Yes,Yes,Pass,Pass,0,3,Some financial stress,Man,1.8333333333333333,5.625,2.5,0,0,0,2,5.333333333333333,Not at all,Not at all,Not at all,Not at all
13885503714,13885504683,Strongly disagree,Nearly every day,Neither agree nor disagree,Strongly disagree,Disagree,Disagree,Neither agree nor disagree,Disagree,0,0,0,50,0,50,0,0,50,60,50,50,70,60,70,60,30,30,30,50,0,0,0,0,Not at all,Not at all,Not at all,Not at all,Not at all,Not at all,Not at all,Not at all,Not at all,Not at all,Not at all,Not at all,Not at all,Agree,Agree,Neither agree nor disagree,2,2,2,2,2,26,Man,-99,No,No,No,No,No,No,No,Pass,Pass,0,0,No financial stress,Man,2.5,12.5,52.5,65,35,0,2,5.333333333333333,Not at all,Not at all,Not at all,Not at all
13885504882,13885505065,Strongly disagree,Nearly every day,Disagree,Disagree,Slightly disagree,Neither agree nor disagree,Disagree,Strongly disagree,0,0,0,27,0,11,0,0,0,0,0,0,9,0,0,0,0,0,0,0,0,0,0,0,Not at all,Not at all,Not at all,Not at all,Not at all,Not at all,Not at all,Not at all,Not at all,Not at all,Not at all,Not at all,Not at all,Strongly disagree,Strongly disagree,Strongly disagree,2,Not at all typical of me,Not at all typical of me,Not at all typical of me,Not at all typical of me,35,Woman,-99,No,No,No,No,No,No,No,Pass,Pass,0,0,No financial stress,Woman,2.3333333333333335,4.75,0,2.25,0,0,1.2,1,Not at all,Not at all,Not at all,Not at all
13885501932,13885503307,Strongly disagree,Nearly every day,Slightly agree,Slightly agree,Agree,Strongly agree,Slightly agree,Slightly agree,0,0,30,10,0,0,0,5,20,60,30,50,80,30,40,25,30,20,40,30,10,5,5,15,Several of the days,Not at all,Not at all,Several of the days,Not at all,Several of the days,Not at all,Not at all,Not at all,Not at all,Several of the days,Several of the days,Not at all,Strongly agree,Agree,Agree,Very typical of me,Very typical of me,4,4,Very typical of me,28,Man,-99,No,Yes,No,No,No,No,No,Pass,Pass,0,1,Some financial stress,Man,5.5,5.625,40,43.75,30,8.75,4.6,6.333333333333333,0.5,0.3333333333333333,Not at all,0.6666666666666666
13885504791,13885505906,Strongly disagree,Nearly every day,Disagree,Strongly disagree,Slightly disagree,Strongly disagree,Strongly disagree,Strongly disagree,0,0,0,31,9,0,8,0,0,0,0,0,0,0,0,0,0,0,0,0,0,0,0,0,Not at all,Not at all,Not at all,Not at all,Not at all,Not at all,Not at all,Not at all,Not at all,Not at all,Not at all,Not at all,Not at all,Disagree,Disagree,Strongly disagree,Not at all typical of me,2,Not at all typical of me,Not at all typical of me,Not at all typical of me,35,Man,-99,No,No,No,No,No,No,No,Pass,Pass,0,0,No financial stress,Man,1.5,6,0,0,0,0,1.2,1.6666666666666667,Not at all,Not at all,Not at all,Not at all
13885503388,13885503841,Strongly disagree,Nearly every day,Agree,Slightly agree,Agree,Agree,Slightly agree,Slightly agree,0,0,60,70,20,30,49,0,75,100,64,72,85,37,50,40,46,36,38,63,15,5,16,32,Several of the days,Several of the days,Over half the days,Several of the days,Several of the days,Several of the days,Several of the days,Not at all,Not at all,Not at all,Several of the days,Several of the days,Several of the days,Strongly agree,Strongly agree,Strongly agree,4,4,4,4,4,26,Woman,-99,No,No,Yes,No,No,No,No,Pass,Pass,0,1,Some financial stress,Woman,5.5,28.625,77.75,53,45.75,17,4,7,1.25,Several of the days,Not at all,Several of the days
13885504763,13885505238,Strongly disagree,Nearly every day,Slightly disagree,Slightly disagree,Slightly disagree,Slightly disagree,Slightly disagree,Slightly disagree,0,0,20,50,15,15,0,15,70,70,70,65,80,70,70,70,60,60,70,70,30,30,30,30,Not at all,Not at all,Not at all,Not at all,Not at all,Not at all,Not at all,Not at all,Not at all,Not at all,Not at all,Not at all,Not at all,Agree,Agree,Agree,3,4,4,4,4,36,Woman,-99,No,No,No,No,No,Yes,No,Pass,Pass,0,1,Some financial stress,Woman,Slightly disagree,14.375,68.75,72.5,65,30,3.8,6,Not at all,Not at all,Not at all,Not at all
13885504731,13885505246,Strongly disagree,Nearly every day,Slightly agree,Slightly disagree,Agree,Agree,Slightly agree,Disagree,0,15,20,35,20,10,20,30,20,65,20,75,30,25,50,15,10,3,25,20,50,35,40,20,Several of the days,Not at all,Not at all,Several of the days,Not at all,Not at all,Not at all,Not at all,Not at all,Not at all,Several of the days,Several of the days,Several of the days,Agree,Somewhat agree,Somewhat agree,4,3,4,4,4,44,Woman,-99,Yes,Yes,No,Yes,No,Yes,No,Pass,Pass,0,4,Some financial stress,Woman,4.5,18.75,45,30,14.5,36.25,3.8,5.333333333333333,0.5,Not at all,Not at all,Several of the days
13885504176,13885504677,Strongly disagree,Nearly every day,Agree,Agree,Strongly agree,Agree,Strongly agree,Strongly agree,0,0,63,58,26,37,90,72,66,81,60,72,68,40,71,59,60,30,63,64,72,62,50,75,Several of the days,Several of the days,Over half the days,Several of the days,Several of the days,Several of the days,Several of the days,Over half the days,Not at all,Not at all,Several of the days,Several of the days,Several of the days,Agree,Somewhat agree,Agree,3,4,4,4,3,46,Woman,-99,Yes,Yes,No,No,No,No,No,Pass,Pass,0,2,Some financial stress,Woman,6.5,43.25,69.75,59.5,54.25,64.75,3.6,5.666666666666667,1.25,Several of the days,0.6666666666666666,Several of the days
13885502089,13885502492,Strongly disagree,Nearly every day,Slightly disagree,Strongly disagree,Strongly disagree,Slightly disagree,Disagree,Strongly disagree,0,0,0,10,0,0,11,0,6,29,5,6,2,0,0,0,7,5,3,8,3,1,0,12,Not at all,Not at all,Not at all,Not at all,Not at all,Not at all,Not at all,Not at all,Not at all,Not at all,Not at all,Not at all,Not at all,Agree,Agree,Strongly agree,2,Not at all typical of me,4,2,3,22,Man,-99,No,No,No,No,No,No,No,Pass,Pass,0,0,No financial stress,Man,1.8333333333333333,2.625,11.5,0.5,5.75,4,2.4,6.333333333333333,Not at all,Not at all,Not at all,Not at all
13885504046,13885504559,Strongly disagree,Nearly every day,Agree,Agree,Agree,Agree,Slightly agree,Slightly agree,0,0,0,0,0,0,0,0,0,0,0,0,0,0,0,0,0,0,0,0,0,0,0,0,Not at all,Not at all,Not at all,Not at all,Not at all,Not at all,Not at all,Not at all,Not at all,Not at all,Not at all,Not at all,Not at all,Strongly disagree,Strongly disagree,Strongly agree,Not at all typical of me,Not at all typical of me,Not at all typical of me,2,Not at all typical of me,42,Man,-99,No,No,No,No,No,No,No,Pass,Pass,0,0,No financial stress,Man,5.666666666666667,0,0,0,0,0,1.2,3,Not at all,Not at all,Not at all,Not at all
13885418996,13885420773,Strongly disagree,Nearly every day,Disagree,Disagree,Slightly disagree,Disagree,Slightly disagree,Neither agree nor disagree,0,0,0,0,0,0,0,0,0,0,0,0,0,0,0,0,0,0,0,0,55,56,58,0,Not at all,Not at all,Not at all,Not at all,Not at all,Not at all,Not at all,Not at all,Not at all,Not at all,Not at all,Not at all,Not at all,Neither agree nor disagree,Neither agree nor disagree,Neither agree nor disagree,Not at all typical of me,Not at all typical of me,Not at all typical of me,Not at all typical of me,Not at all typical of me,37,Man,-99,No,No,No,No,No,Yes,No,Pass,Pass,0,1,Some financial stress,Man,2.6666666666666665,0,0,0,0,42.25,1,4,Not at all,Not at all,Not at all,Not at all
13885503031,13885503534,Strongly disagree,Nearly every day,Strongly agree,Slightly agree,Agree,Agree,Agree,Agree,0,0,17,31,0,0,0,0,39,32,11,7,16,1,11,2,0,0,47,19,3,1,1,12,Not at all,Not at all,Not at all,Not at all,Not at all,Not at all,Not at all,Not at all,Not at all,Not at all,Several of the days,Not at all,Not at all,Somewhat agree,Somewhat agree,Somewhat agree,4,4,4,4,4,29,Woman,-99,No,No,No,No,No,No,No,Pass,Pass,0,0,No financial stress,Woman,Agree,6,22.25,7.5,16.5,4.25,4,5,Not at all,Not at all,Not at all,0.3333333333333333
13885504894,13885505390,Strongly disagree,Nearly every day,Strongly agree,Strongly agree,Slightly agree,Slightly agree,Agree,Agree,0,0,0,67,0,9,76,100,30,43,21,51,65,36,22,15,0,0,40,28,10,10,14,72,Not at all,Not at all,Not at all,Not at all,Not at all,Not at all,Not at all,Not at all,Not at all,Not at all,Not at all,Not at all,Not at all,Strongly agree,Strongly agree,Strongly agree,Not at all typical of me,Not at all typical of me,Not at all typical of me,Not at all typical of me,Not at all typical of me,49,Woman,-99,No,No,No,No,No,No,Yes,Pass,Pass,0,1,Some financial stress,Woman,Agree,31.5,36.25,34.5,17,26.5,1,7,Not at all,Not at all,Not at all,Not at all
13885504506,13885504834,Strongly disagree,Nearly every day,Strongly agree,Slightly agree,Strongly agree,Strongly agree,Agree,Agree,0,0,0,51,0,45,43,0,16,16,0,0,0,0,19,0,0,0,0,0,34,48,0,35,Not at all,Not at all,Not at all,Not at all,Not at all,Not at all,Not at all,Not at all,Not at all,Not at all,Not at all,Not at all,Not at all,Somewhat agree,Somewhat agree,Somewhat agree,3,4,3,2,4,30,Woman,-99,No,No,No,No,No,No,No,Pass,Pass,0,0,No financial stress,Woman,6.333333333333333,17.375,8,4.75,0,29.25,3.2,5,Not at all,Not at all,Not at all,Not at all
13885503520,13885503890,Strongly disagree,Nearly every day,Slightly agree,Agree,Slightly agree,Slightly agree,Slightly agree,Slightly agree,0,0,0,6,3,0,0,0,14,60,14,0,54,0,0,0,0,0,0,12,0,0,0,0,Not at all,Not at all,Not at all,Not at all,Not at all,Not at all,Not at all,Not at all,Not at all,Not at all,Not at all,Not at all,Not at all,Agree,Agree,Agree,2,2,3,Not at all typical of me,Not at all typical of me,60,Man,-99,No,No,No,No,No,No,No,Pass,Pass,0,0,No financial stress,Man,5.166666666666667,1.125,22,13.5,3,0,1.8,6,Not at all,Not at all,Not at all,Not at all
13885502409,13885502707,Strongly disagree,Nearly every day,Agree,Slightly disagree,Neither agree nor disagree,Slightly agree,Slightly agree,Slightly disagree,0,0,0,0,0,0,0,0,0,10,0,0,0,0,0,0,0,0,0,0,20,20,0,0,Not at all,Not at all,Not at all,Not at all,Not at all,Not at all,Not at all,Not at all,Not at all,Not at all,Not at all,Not at all,Not at all,Neither agree nor disagree,Neither agree nor disagree,Neither agree nor disagree,Not at all typical of me,Not at all typical of me,Not at all typical of me,Not at all typical of me,Not at all typical of me,56,Woman,-99,No,No,Yes,No,No,No,No,Pass,Pass,0,1,Some financial stress,Woman,4.333333333333333,0,2.5,0,0,10,1,4,Not at all,Not at all,Not at all,Not at all
13885502839,13885504665,Strongly disagree,Nearly every day,Agree,Agree,Strongly agree,Strongly agree,Agree,Agree,0,0,10,5,0,0,0,10,50,60,45,50,60,25,40,25,5,5,65,25,10,20,30,40,Not at all,Not at all,Not at all,Not at all,Not at all,Not at all,Not at all,Not at all,Not at all,Not at all,Several of the days,Not at all,Not at all,Somewhat agree,Somewhat disagree,Somewhat disagree,3,3,4,4,2,22,Man,-99,No,No,No,No,No,No,No,Pass,Pass,0,0,No financial stress,Man,6.333333333333333,3.125,51.25,37.5,25,25,3.2,3.6666666666666665,Not at all,Not at all,Not at all,0.3333333333333333
13885504788,13885505323,Strongly disagree,Nearly every day,Neither agree nor disagree,Slightly disagree,Slightly disagree,Neither agree nor disagree,Neither agree nor disagree,Neither agree nor disagree,0,0,0,10,3,0,0,0,8,20,8,21,0,0,0,0,0,0,0,0,12,0,0,0,Not at all,Not at all,Not at all,Not at all,Not at all,Not at all,Not at all,Not at all,Not at all,Not at all,Not at all,Not at all,Not at all,Neither agree nor disagree,Neither agree nor disagree,Neither agree nor disagree,4,3,Very typical of me,Very typical of me,4,52,Woman,-99,Yes,No,No,No,Yes,Yes,No,Pass,Pass,0,3,Some financial stress,Woman,3.6666666666666665,1.625,14.25,0,0,3,4.2,4,Not at all,Not at all,Not at all,Not at all
13885501575,13885502074,Strongly disagree,Nearly every day,Slightly disagree,Slightly disagree,Neither agree nor disagree,Slightly agree,Neither agree nor disagree,Neither agree nor disagree,0,0,0,29,15,5,20,0,33,82,32,62,52,1,25,1,41,2,68,65,0,0,0,14,Not at all,Not at all,Not at all,Not at all,Not at all,Not at all,Not at all,Not at all,Not at all,Not at all,Not at all,Not at all,Not at all,Neither agree nor disagree,Somewhat agree,Somewhat agree,4,4,4,3,3,26,Woman,-99,Yes,No,Yes,No,No,Yes,No,Pass,Pass,0,3,Some financial stress,Woman,3.8333333333333335,8.625,52.25,19.75,44,3.5,3.6,4.666666666666667,Not at all,Not at all,Not at all,Not at all
13885503306,13885503899,Strongly disagree,Nearly every day,Neither agree nor disagree,Neither agree nor disagree,Slightly disagree,Slightly disagree,Neither agree nor disagree,Slightly disagree,0,0,2,11,0,5,0,11,0,0,0,3,15,11,0,6,0,0,0,0,0,0,0,0,Not at all,Not at all,Not at all,Not at all,Not at all,Not at all,Not at all,Not at all,Not at all,Not at all,Not at all,Not at all,Not at all,Disagree,Neither agree nor disagree,Neither agree nor disagree,3,3,3,2,3,61,Man,-99,No,No,No,No,No,No,No,Pass,Pass,0,0,No financial stress,Man,3.5,3.625,0.75,8,0,0,2.8,3.3333333333333335,Not at all,Not at all,Not at all,Not at all
13885505177,13885505705,Strongly disagree,Nearly every day,Slightly disagree,Disagree,Disagree,Slightly agree,Slightly disagree,Disagree,1,1,1,67,43,1,40,1,5,65,7,2,78,25,49,13,34,14,6,64,1,11,29,68,Not at all,Not at all,Not at all,Not at all,Not at all,Not at all,Not at all,Not at all,Not at all,Not at all,Not at all,Not at all,Not at all,Strongly agree,Strongly agree,Strongly agree,Not at all typical of me,2,Very typical of me,3,Not at all typical of me,25,Woman,-99,No,No,No,No,No,No,No,Pass,Pass,0,0,No financial stress,Woman,2.8333333333333335,19.375,19.75,41.25,29.5,27.25,2.4,7,Not at all,Not at all,Not at all,Not at all
13885503456,13885503876,Strongly disagree,Nearly every day,Agree,Slightly agree,Agree,Agree,Agree,Agree,0,0,0,72,64,48,70,60,63,60,59,23,59,34,47,33,1,3,37,35,19,12,0,27,Not at all,Not at all,Not at all,Not at all,Not at all,Not at all,Not at all,Not at all,Not at all,Not at all,Not at all,Not at all,Not at all,Agree,Agree,Agree,4,2,Very typical of me,Very typical of me,Very typical of me,28,Woman,-99,No,No,No,No,No,Yes,No,Pass,Pass,0,1,Some financial stress,Woman,5.833333333333333,39.25,51.25,43.25,19,14.5,4.2,6,Not at all,Not at all,Not at all,Not at all
13885417232,13885417457,Strongly disagree,Nearly every day,Slightly agree,Slightly agree,Slightly agree,Slightly agree,Slightly agree,Neither agree nor disagree,0,0,73,38,11,10,10,0,73,84,77,77,89,54,86,54,72,29,76,77,47,20,26,46,Not at all,Not at all,Not at all,Not at all,Not at all,Not at all,Not at all,Not at all,Not at all,Not at all,Not at all,Not at all,Not at all,Strongly agree,Strongly agree,Strongly agree,4,4,4,4,4,32,Man,-99,No,No,No,No,No,No,No,Pass,Pass,0,0,No financial stress,Man,4.833333333333333,17.75,77.75,70.75,63.5,34.75,4,7,Not at all,Not at all,Not at all,Not at all
13885501373,13885501784,Strongly disagree,Nearly every day,Neither agree nor disagree,Neither agree nor disagree,Strongly disagree,Agree,Disagree,Disagree,0,0,0,55,24,45,100,0,30,56,49,49,58,56,42,48,59,17,21,26,0,0,0,0,Not at all,Not at all,Not at all,Not at all,Not at all,Not at all,Not at all,Not at all,Not at all,Not at all,Not at all,Not at all,Not at all,Agree,Somewhat agree,Somewhat agree,4,Very typical of me,Very typical of me,Very typical of me,4,37,Woman,-99,No,No,Yes,No,Yes,No,Yes,Pass,Pass,0,3,Some financial stress,Woman,3.1666666666666665,28,46,51,30.75,0,4.6,5.333333333333333,Not at all,Not at all,Not at all,Not at all
13885504440,13885505135,Strongly disagree,Nearly every day,Slightly agree,Slightly disagree,Slightly agree,Agree,Slightly agree,Slightly agree,0,0,0,0,0,0,0,0,0,14,0,0,0,0,0,0,0,0,0,11,1,0,0,0,Not at all,Not at all,Not at all,Not at all,Not at all,Not at all,Not at all,Not at all,Not at all,Not at all,Not at all,Not at all,Not at all,Neither agree nor disagree,Agree,Somewhat agree,4,4,4,4,4,30,Woman,-99,Yes,No,Yes,Yes,No,Yes,No,Pass,Pass,0,4,Some financial stress,Woman,4.833333333333333,0,3.5,0,2.75,0.25,4,5,Not at all,Not at all,Not at all,Not at all
13885501931,13885502379,Strongly disagree,Nearly every day,Slightly agree,Slightly disagree,Slightly agree,Slightly agree,Neither agree nor disagree,Slightly agree,0,0,10,15,0,0,0,5,30,75,20,65,40,10,20,10,20,5,35,15,5,5,5,15,Not at all,Not at all,Not at all,Not at all,Not at all,Not at all,Not at all,Not at all,Not at all,Not at all,Several of the days,Not at all,Several of the days,Agree,Strongly agree,Agree,2,2,3,2,2,26,Man,-99,No,No,No,No,No,Yes,No,Pass,Pass,0,1,Some financial stress,Man,4.5,3.75,47.5,20,18.75,7.5,2.2,6.333333333333333,Not at all,Not at all,Not at all,0.6666666666666666
13885507843,13885508170,Strongly disagree,Nearly every day,Disagree,Slightly disagree,Slightly disagree,Slightly agree,Neither agree nor disagree,Slightly agree,0,0,41,47,4,38,61,24,58,37,2,2,48,16,4,4,0,0,0,0,1,0,3,5,Not at all,Not at all,Not at all,Not at all,Not at all,Not at all,Not at all,Not at all,Not at all,Not at all,Several of the days,Not at all,Several of the days,Strongly agree,Strongly agree,Agree,3,4,4,3,2,27,Woman,-99,No,Yes,No,No,No,Yes,Yes,Pass,Pass,0,3,Some financial stress,Woman,3.6666666666666665,26.875,24.75,18,0,2.25,3.2,6.666666666666667,Not at all,Not at all,Not at all,0.6666666666666666
13885504726,13885505120,Strongly disagree,Nearly every day,Slightly agree,Agree,Agree,Agree,Agree,Agree,0,0,60,60,8,27,0,0,60,70,55,70,83,84,60,88,33,32,43,43,17,18,18,45,Not at all,Not at all,Not at all,Not at all,Not at all,Not at all,Not at all,Not at all,Not at all,Not at all,Not at all,Not at all,Not at all,Strongly agree,Agree,Agree,2,3,3,2,2,40,Man,-99,No,No,No,No,No,No,No,Pass,Pass,0,0,No financial stress,Man,5.833333333333333,19.375,63.75,78.75,37.75,24.5,2.4,6.333333333333333,Not at all,Not at all,Not at all,Not at all
13885415798,13885416380,Strongly disagree,Nearly every day,Slightly agree,Neither agree nor disagree,Neither agree nor disagree,Slightly disagree,Neither agree nor disagree,Disagree,0,0,0,20,0,5,0,0,5,5,5,0,0,0,0,0,0,0,0,0,10,20,0,0,Not at all,Not at all,Not at all,Not at all,Not at all,Not at all,Not at all,Not at all,Not at all,Not at all,Not at all,Not at all,Not at all,Neither agree nor disagree,Somewhat agree,Neither agree nor disagree,4,4,4,4,4,23,Woman,-99,No,No,Yes,No,No,Yes,No,Pass,Pass,0,2,Some financial stress,Woman,3.6666666666666665,3.125,3.75,0,0,7.5,4,4.333333333333333,Not at all,Not at all,Not at all,Not at all
13885503452,13885504128,Strongly disagree,Nearly every day,Slightly agree,Slightly disagree,Slightly disagree,Slightly disagree,Slightly disagree,Slightly disagree,0,0,0,0,9,0,1,1,1,1,0,0,0,0,0,0,0,0,0,1,3,5,2,1,Not at all,Not at all,Not at all,Not at all,Not at all,Not at all,Not at all,Not at all,Not at all,Not at all,Not at all,Not at all,Not at all,Somewhat agree,Somewhat agree,Neither agree nor disagree,Not at all typical of me,Not at all typical of me,Not at all typical of me,Not at all typical of me,Not at all typical of me,51,Woman,-99,No,No,No,No,No,No,No,Pass,Pass,0,0,No financial stress,Woman,3.3333333333333335,1.375,0.5,0,0.25,2.75,1,4.666666666666667,Not at all,Not at all,Not at all,Not at all
13885501534,13885502052,Strongly disagree,Nearly every day,Slightly agree,Slightly agree,Disagree,Slightly agree,Slightly disagree,Disagree,60,0,0,51,0,0,62,0,80,80,80,90,100,95,50,95,98,4,26,87,25,25,0,9,Several of the days,Not at all,Not at all,Several of the days,Not at all,Not at all,Not at all,Several of the days,Not at all,Not at all,Not at all,Not at all,Not at all,Agree,Agree,Agree,3,3,4,2,3,44,Woman,-99,No,No,No,No,No,Yes,No,Pass,Pass,0,1,Some financial stress,Woman,3.6666666666666665,21.625,82.5,85,53.75,14.75,3,6,0.5,Not at all,0.3333333333333333,Not at all
13885503852,13885504188,Strongly disagree,Nearly every day,Slightly agree,Neither agree nor disagree,Slightly agree,Agree,Slightly agree,Slightly disagree,0,18,57,98,32,23,1,0,74,93,61,93,100,100,53,100,92,23,71,76,5,0,2,64,Several of the days,Not at all,Several of the days,Not at all,Several of the days,Several of the days,Not at all,Not at all,Not at all,Not at all,Several of the days,Several of the days,Several of the days,Strongly agree,Strongly agree,Strongly agree,2,2,4,2,2,28,Man,-99,No,No,No,No,No,No,No,Pass,Pass,0,0,No financial stress,Man,4.666666666666667,28.625,80.25,88.25,65.5,17.75,2.4,7,0.5,0.6666666666666666,Not at all,Several of the days
13885504258,13885504765,Strongly disagree,Nearly every day,Agree,Slightly agree,Neither agree nor disagree,Neither agree nor disagree,Neither agree nor disagree,Neither agree nor disagree,0,0,0,11,0,0,0,0,20,48,42,38,42,35,18,27,21,25,56,49,25,26,49,43,Not at all,Not at all,Not at all,Not at all,Not at all,Not at all,Not at all,Not at all,Not at all,Not at all,Not at all,Not at all,Not at all,Somewhat agree,Neither agree nor disagree,Neither agree nor disagree,4,4,3,3,3,57,Woman,-99,No,No,No,No,No,No,No,Pass,Pass,0,0,No financial stress,Woman,4.5,1.375,37,30.5,37.75,35.75,3.4,4.333333333333333,Not at all,Not at all,Not at all,Not at all
13885501524,13885502809,Strongly disagree,Nearly every day,Slightly agree,Agree,Agree,Agree,Slightly agree,Agree,0,0,0,0,0,0,0,0,0,0,0,0,0,0,0,0,0,0,0,0,0,0,0,0,Not at all,Not at all,Not at all,Not at all,Not at all,Not at all,Not at all,Not at all,Not at all,Not at all,Not at all,Not at all,Not at all,Somewhat disagree,Somewhat disagree,Disagree,3,3,2,2,3,45,Man,-99,No,No,No,No,No,No,No,Pass,Pass,0,0,No financial stress,Man,5.666666666666667,0,0,0,0,0,2.6,2.6666666666666665,Not at all,Not at all,Not at all,Not at all
13885501062,13885501690,Strongly disagree,Nearly every day,Disagree,Disagree,Disagree,Disagree,Disagree,Disagree,0,0,0,0,0,0,0,0,0,0,0,0,10,10,20,10,0,0,0,10,0,0,0,0,Not at all,Not at all,Not at all,Not at all,Not at all,Not at all,Not at all,Not at all,Not at all,Not at all,Not at all,Not at all,Not at all,Strongly disagree,Strongly disagree,Neither agree nor disagree,Not at all typical of me,Not at all typical of me,2,Not at all typical of me,Not at all typical of me,52,Man,-99,No,No,No,No,No,No,No,Pass,Pass,0,0,No financial stress,Man,Disagree,0,0,12.5,2.5,0,1.2,2,Not at all,Not at all,Not at all,Not at all
13885502831,13885503122,Strongly disagree,Nearly every day,Slightly agree,Slightly agree,Agree,Slightly agree,Slightly disagree,Slightly disagree,0,0,50,23,0,23,0,0,70,70,58,46,58,47,56,62,16,15,35,65,12,11,9,5,Not at all,Not at all,Not at all,Several of the days,Several of the days,Not at all,Not at all,Not at all,Not at all,Several of the days,Several of the days,Several of the days,Several of the days,Agree,Agree,Agree,4,4,4,4,3,31,Man,-99,No,No,No,No,No,No,No,Pass,Pass,0,0,No financial stress,Man,4.5,12,61,55.75,32.75,9.25,3.8,6,0.25,0.3333333333333333,0.3333333333333333,Several of the days
13885504428,13885505163,Strongly disagree,Nearly every day,Disagree,Disagree,Disagree,Slightly disagree,Disagree,Disagree,0,0,0,37,15,3,26,20,11,38,16,39,12,7,5,7,18,4,7,7,16,12,14,9,Not at all,Not at all,Not at all,Not at all,Not at all,Not at all,Not at all,Not at all,Not at all,Not at all,Not at all,Not at all,Not at all,Neither agree nor disagree,Neither agree nor disagree,Neither agree nor disagree,2,2,3,2,2,45,Woman,-99,No,No,No,No,No,No,No,Pass,Pass,0,0,No financial stress,Woman,2.1666666666666665,12.625,26,7.75,9,12.75,2.2,4,Not at all,Not at all,Not at all,Not at all
13885503642,13885504035,Strongly disagree,Nearly every day,Slightly agree,Slightly agree,Agree,Agree,Slightly agree,Slightly agree,0,0,0,12,12,0,0,0,0,0,0,0,0,0,0,0,0,0,0,0,0,0,0,0,Not at all,Not at all,Not at all,Not at all,Not at all,Not at all,Not at all,Not at all,Not at all,Not at all,Not at all,Not at all,Not at all,Somewhat disagree,Somewhat agree,Neither agree nor disagree,Not at all typical of me,Not at all typical of me,Not at all typical of me,Not at all typical of me,2,49,Man,-99,Yes,Yes,Yes,Yes,Yes,Yes,Yes,Pass,Pass,0,7,Some financial stress,Man,5.333333333333333,3,0,0,0,0,1.2,4,Not at all,Not at all,Not at all,Not at all
13885415786,13885416521,Strongly disagree,Nearly every day,Slightly agree,Slightly agree,Slightly agree,Slightly agree,Slightly agree,Slightly agree,0,0,0,62,0,0,0,0,41,41,16,15,0,0,0,0,0,0,0,0,0,52,53,1,Not at all,Not at all,Not at all,Not at all,Not at all,Not at all,Not at all,Not at all,Not at all,Not at all,Not at all,Not at all,Not at all,Neither agree nor disagree,Somewhat agree,Somewhat agree,Not at all typical of me,Not at all typical of me,Not at all typical of me,Not at all typical of me,Not at all typical of me,52,Woman,-99,No,No,No,No,No,No,No,Pass,Pass,0,0,No financial stress,Woman,Slightly agree,7.75,28.25,0,0,26.5,1,4.666666666666667,Not at all,Not at all,Not at all,Not at all
13885499753,13885500016,Strongly disagree,Nearly every day,Slightly agree,Slightly agree,Neither agree nor disagree,Agree,Slightly agree,Slightly agree,10,5,5,13,21,11,70,90,14,7,10,8,3,3,5,6,3,5,2,3,39,51,25,14,Not at all,Not at all,Several of the days,Not at all,Not at all,Not at all,Not at all,Not at all,Not at all,Not at all,Not at all,Not at all,Several of the days,Somewhat agree,Somewhat agree,Agree,2,3,3,3,2,21,Man,-99,No,No,Yes,No,No,Yes,No,Pass,Pass,0,2,Some financial stress,Man,Slightly agree,28.125,9.75,4.25,3.25,32.25,2.6,5.333333333333333,0.25,Not at all,Not at all,0.3333333333333333
13885504323,13885504847,Strongly disagree,Nearly every day,Agree,Slightly agree,Neither agree nor disagree,Neither agree nor disagree,Neither agree nor disagree,Slightly disagree,0,0,100,60,5,61,0,0,95,95,95,96,85,74,76,74,62,44,71,86,13,18,13,43,Several of the days,Several of the days,Several of the days,Several of the days,Several of the days,Several of the days,Several of the days,Several of the days,Not at all,Several of the days,Several of the days,Several of the days,Several of the days,Strongly agree,Strongly agree,Strongly agree,4,4,4,4,3,24,Man,-99,No,No,No,No,No,No,No,Pass,Pass,0,0,No financial stress,Man,4.333333333333333,28.25,95.25,77.25,65.75,21.75,3.8,7,Several of the days,Several of the days,0.6666666666666666,Several of the days
13885504370,13885504723,Strongly disagree,Nearly every day,Neither agree nor disagree,Slightly disagree,Neither agree nor disagree,Neither agree nor disagree,Slightly disagree,Slightly disagree,0,0,0,0,0,0,0,6,22,33,20,29,39,31,38,30,19,14,20,18,41,41,35,41,Not at all,Not at all,Not at all,Not at all,Not at all,Not at all,Not at all,Not at all,Not at all,Not at all,Not at all,Not at all,Not at all,Disagree,Somewhat disagree,Somewhat agree,3,4,4,3,4,51,Man,-99,No,No,No,No,No,No,No,Pass,Pass,0,0,No financial stress,Man,3.5,0.75,26,34.5,17.75,39.5,3.6,3.3333333333333335,Not at all,Not at all,Not at all,Not at all
13885505461,13885505756,Strongly disagree,Nearly every day,Neither agree nor disagree,Strongly disagree,Strongly disagree,Slightly agree,Strongly disagree,Strongly disagree,0,0,0,0,21,41,22,16,10,11,19,36,27,6,8,3,7,0,21,32,14,13,0,0,Not at all,Not at all,Not at all,Not at all,Not at all,Not at all,Not at all,Not at all,Not at all,Not at all,Not at all,Not at all,Not at all,Neither agree nor disagree,Agree,Agree,2,Not at all typical of me,3,2,Not at all typical of me,23,Man,-99,No,No,Yes,No,No,Yes,No,Pass,Pass,0,2,Some financial stress,Man,2.1666666666666665,12.5,19,11,15,6.75,1.8,5.333333333333333,Not at all,Not at all,Not at all,Not at all
13885502811,13885503611,Strongly disagree,Nearly every day,Slightly agree,Slightly agree,Agree,Agree,Slightly agree,Neither agree nor disagree,0,0,0,0,0,0,0,0,51,76,51,51,23,10,18,15,49,29,60,16,25,22,21,38,Not at all,Not at all,Not at all,Several of the days,Not at all,Not at all,Not at all,Not at all,Not at all,Not at all,Several of the days,Not at all,Not at all,Strongly agree,Agree,Agree,3,4,4,Very typical of me,Very typical of me,41,Woman,-99,No,No,No,No,No,No,No,Pass,Pass,0,0,No financial stress,Woman,5.166666666666667,0,57.25,16.5,38.5,26.5,4.2,6.333333333333333,0.25,Not at all,Not at all,0.3333333333333333
13885505140,13885506812,Strongly disagree,Nearly every day,Agree,Slightly agree,Slightly agree,Agree,Agree,Agree,0,0,0,40,0,0,0,0,10,20,10,10,0,0,0,0,0,0,0,10,60,60,0,30,Not at all,Not at all,Not at all,Not at all,Not at all,Not at all,Not at all,Not at all,Not at all,Not at all,Not at all,Not at all,Not at all,Neither agree nor disagree,Neither agree nor disagree,Neither agree nor disagree,Not at all typical of me,Not at all typical of me,2,Not at all typical of me,Not at all typical of me,28,Man,-99,No,No,No,No,No,Yes,No,Pass,Pass,0,1,Some financial stress,Man,5.666666666666667,5,12.5,0,2.5,37.5,1.2,4,Not at all,Not at all,Not at all,Not at all
13885501236,13885501520,Strongly disagree,Nearly every day,Agree,Slightly agree,Neither agree nor disagree,Slightly agree,Slightly agree,Slightly agree,0,0,66,68,55,56,74,0,23,65,18,25,56,51,48,47,26,11,18,21,17,23,8,14,Not at all,Not at all,Not at all,Not at all,Not at all,Not at all,Not at all,Not at all,Not at all,Not at all,Not at all,Not at all,Not at all,Agree,Agree,Agree,Not at all typical of me,Not at all typical of me,Not at all typical of me,Not at all typical of me,Not at all typical of me,39,Man,-99,No,No,No,No,No,No,No,Pass,Pass,0,0,No financial stress,Man,Slightly agree,39.875,32.75,50.5,19,15.5,1,6,Not at all,Not at all,Not at all,Not at all
13885501189,13885501716,Strongly disagree,Nearly every day,Agree,Slightly agree,Slightly agree,Agree,Slightly agree,Agree,0,0,3,11,0,1,0,0,31,59,32,52,47,8,1,4,36,1,1,15,6,0,0,14,Not at all,Not at all,Not at all,Not at all,Not at all,Not at all,Not at all,Not at all,Not at all,Not at all,Not at all,Not at all,Not at all,Somewhat disagree,Somewhat disagree,Somewhat disagree,2,2,3,3,2,23,Woman,-99,No,No,No,No,No,No,No,Pass,Pass,0,0,No financial stress,Woman,5.5,1.875,43.5,15,13.25,5,2.4,3,Not at all,Not at all,Not at all,Not at all
13885504304,13885504588,Strongly disagree,Nearly every day,Neither agree nor disagree,Strongly disagree,Strongly disagree,Neither agree nor disagree,Strongly disagree,Strongly disagree,0,0,0,46,0,0,0,30,0,0,0,0,0,0,0,0,0,0,0,0,0,0,0,0,Not at all,Not at all,Not at all,Not at all,Not at all,Not at all,Not at all,Not at all,Not at all,Not at all,Not at all,Not at all,Not at all,Neither agree nor disagree,Neither agree nor disagree,Neither agree nor disagree,Not at all typical of me,3,Very typical of me,3,3,38,Man,-99,No,No,No,No,No,No,No,Pass,Pass,0,0,No financial stress,Man,Disagree,9.5,0,0,0,0,3,4,Not at all,Not at all,Not at all,Not at all
13885504919,13885505322,Strongly disagree,Nearly every day,Slightly disagree,Slightly disagree,Slightly disagree,Neither agree nor disagree,Slightly disagree,Disagree,0,0,0,4,0,1,1,2,0,0,0,0,15,0,20,0,0,0,10,0,0,0,0,0,Not at all,Not at all,Not at all,Not at all,Not at all,Not at all,Not at all,Not at all,Not at all,Not at all,Not at all,Not at all,Not at all,Somewhat agree,Somewhat agree,Somewhat agree,4,4,3,4,4,43,Man,-99,No,No,Yes,No,No,Yes,No,Pass,Pass,0,2,Some financial stress,Man,Slightly disagree,1,0,8.75,2.5,0,3.8,5,Not at all,Not at all,Not at all,Not at all
13885416856,13885417451,Strongly disagree,Nearly every day,Slightly agree,Neither agree nor disagree,Neither agree nor disagree,Slightly agree,Slightly agree,Slightly agree,0,0,0,0,0,0,0,0,17,13,12,0,0,0,0,9,0,0,10,0,0,0,0,0,Not at all,Not at all,Not at all,Not at all,Not at all,Not at all,Not at all,Not at all,Not at all,Not at all,Not at all,Not at all,Not at all,Disagree,Disagree,Disagree,Not at all typical of me,Not at all typical of me,2,2,Not at all typical of me,52,Woman,-99,Yes,Yes,No,No,No,No,No,Pass,Pass,0,2,Some financial stress,Woman,4.666666666666667,0,10.5,2.25,2.5,0,1.4,2,Not at all,Not at all,Not at all,Not at all
13885504509,13885504847,Strongly disagree,Nearly every day,Slightly disagree,Slightly disagree,Slightly agree,Slightly agree,Slightly disagree,Slightly disagree,0,0,36,41,13,14,0,13,17,54,43,29,44,25,19,18,29,7,8,17,50,47,45,55,Not at all,Not at all,Not at all,Not at all,Not at all,Not at all,Not at all,Several of the days,Not at all,Not at all,Not at all,Not at all,Not at all,Agree,Agree,Agree,Not at all typical of me,Not at all typical of me,Not at all typical of me,Not at all typical of me,Not at all typical of me,41,Man,-99,No,No,No,No,No,Yes,No,Pass,Pass,0,1,Some financial stress,Man,3.6666666666666665,14.625,35.75,26.5,15.25,49.25,1,6,Not at all,Not at all,0.3333333333333333,Not at all
13885502969,13885503686,Strongly disagree,Nearly every day,Agree,Slightly agree,Disagree,Slightly agree,Agree,Slightly agree,0,20,10,25,0,15,60,0,35,70,35,25,40,0,0,0,0,0,10,20,10,10,10,15,Not at all,Not at all,Not at all,Not at all,Not at all,Not at all,Not at all,Not at all,Not at all,Not at all,Several of the days,Not at all,Several of the days,Somewhat agree,Agree,Agree,3,3,4,4,3,49,Woman,-99,No,No,No,No,No,Yes,No,Pass,Pass,0,1,Some financial stress,Woman,4.833333333333333,16.25,41.25,10,7.5,11.25,3.4,5.666666666666667,Not at all,Not at all,Not at all,0.6666666666666666
13885502563,13885503154,Strongly disagree,Nearly every day,Slightly agree,Slightly agree,Agree,Agree,Strongly agree,Agree,0,0,5,18,0,0,0,0,18,13,11,32,11,8,3,7,4,11,6,9,43,33,12,24,Not at all,Not at all,Not at all,Not at all,Not at all,Not at all,Not at all,Not at all,Not at all,Not at all,Several of the days,Not at all,Not at all,Agree,Agree,Agree,4,3,Very typical of me,4,Very typical of me,42,Woman,-99,No,No,No,No,No,No,No,Pass,Pass,0,0,No financial stress,Woman,5.833333333333333,2.875,18.5,7.25,7.5,28,4.2,6,Not at all,Not at all,Not at all,0.3333333333333333
13885504979,13885505681,Strongly disagree,Nearly every day,Strongly agree,Slightly agree,Slightly agree,Agree,Slightly agree,Agree,0,0,26,97,37,0,0,0,6,43,4,14,70,19,23,18,3,0,34,34,0,0,0,69,Not at all,Not at all,Not at all,Not at all,Not at all,Not at all,Not at all,Not at all,Not at all,Not at all,Not at all,Not at all,Not at all,Strongly agree,Strongly agree,Agree,2,2,2,Not at all typical of me,2,32,Woman,-99,No,No,No,No,No,No,No,Pass,Pass,0,0,No financial stress,Woman,5.666666666666667,20,16.75,32.5,17.75,17.25,1.8,6.666666666666667,Not at all,Not at all,Not at all,Not at all
13885504013,13885504771,Strongly disagree,Nearly every day,Slightly agree,Slightly disagree,Slightly agree,Slightly agree,Disagree,Disagree,0,0,10,20,0,0,35,20,20,48,16,40,49,34,17,30,21,10,27,24,15,15,11,7,Several of the days,Not at all,Not at all,Not at all,Not at all,Not at all,Not at all,Not at all,Not at all,Not at all,Several of the days,Several of the days,Several of the days,Somewhat agree,Agree,Agree,3,4,4,4,4,32,Woman,-99,No,No,No,No,No,No,No,Pass,Pass,0,0,No financial stress,Woman,3.6666666666666665,10.625,31,32.5,20.5,12,3.8,5.666666666666667,0.25,Not at all,Not at all,Several of the days
13885501319,13885501808,Strongly disagree,Nearly every day,Agree,Slightly agree,Agree,Slightly agree,Slightly agree,Slightly agree,0,0,71,85,24,77,57,83,95,98,89,100,91,81,87,60,91,58,64,62,16,16,16,65,Several of the days,Not at all,Not at all,Several of the days,Several of the days,Several of the days,Several of the days,Not at all,Not at all,Not at all,Several of the days,Several of the days,Several of the days,Agree,Strongly agree,Strongly agree,4,4,4,3,4,27,Woman,-99,No,No,No,No,No,No,No,Pass,Pass,0,0,No financial stress,Woman,5.333333333333333,49.625,95.5,79.75,68.75,28.25,3.8,6.666666666666667,0.5,Several of the days,Not at all,Several of the days
13885416912,13885418120,Strongly disagree,Nearly every day,Strongly agree,Slightly agree,Slightly agree,Agree,Agree,Agree,3,1,2,9,2,3,4,3,47,45,12,7,5,9,36,9,6,11,13,8,8,15,8,10,Not at all,Not at all,Not at all,Not at all,Not at all,Not at all,Not at all,Not at all,Not at all,Not at all,Not at all,Not at all,Not at all,Neither agree nor disagree,Somewhat agree,Somewhat agree,Not at all typical of me,Not at all typical of me,2,Not at all typical of me,2,37,Woman,-99,No,No,No,No,No,No,No,Pass,Pass,0,0,No financial stress,Woman,5.833333333333333,3.375,27.75,14.75,9.5,10.25,1.4,4.666666666666667,Not at all,Not at all,Not at all,Not at all
13885504879,13885505235,Strongly disagree,Nearly every day,Slightly agree,Neither agree nor disagree,Slightly agree,Slightly agree,Neither agree nor disagree,Slightly disagree,2,19,13,59,18,2,21,15,1,5,1,1,1,1,29,1,1,1,39,4,12,33,2,13,Not at all,Not at all,Not at all,Not at all,Not at all,Not at all,Not at all,Not at all,Not at all,Not at all,Not at all,Not at all,Not at all,Somewhat agree,Somewhat agree,Somewhat agree,2,2,Not at all typical of me,2,Not at all typical of me,46,Woman,-99,No,No,No,No,No,No,No,Pass,Pass,0,0,No financial stress,Woman,4.333333333333333,18.625,2,8,11.25,15,1.6,5,Not at all,Not at all,Not at all,Not at all
13885504299,13885504724,Strongly disagree,Nearly every day,Slightly agree,Slightly agree,Slightly disagree,Neither agree nor disagree,Neither agree nor disagree,Slightly disagree,0,10,0,70,10,0,40,0,0,30,0,0,60,20,0,20,0,0,20,0,0,0,0,25,Not at all,Not at all,Not at all,Not at all,Not at all,Not at all,Not at all,Not at all,Not at all,Not at all,Not at all,Not at all,Not at all,Strongly agree,Strongly agree,Agree,Not at all typical of me,Not at all typical of me,Not at all typical of me,Not at all typical of me,Not at all typical of me,38,Woman,-99,No,No,No,No,No,No,No,Pass,Pass,0,0,No financial stress,Woman,Neither agree nor disagree,16.25,7.5,25,5,6.25,1,6.666666666666667,Not at all,Not at all,Not at all,Not at all
13885504723,13885505217,Strongly disagree,Nearly every day,Agree,Slightly agree,Slightly agree,Slightly agree,Slightly agree,Slightly disagree,2,0,28,77,48,60,6,6,72,86,74,43,41,71,72,80,70,35,48,54,0,1,1,35,Several of the days,Several of the days,Several of the days,Not at all,Several of the days,Not at all,Several of the days,Several of the days,Not at all,Not at all,Several of the days,Several of the days,Several of the days,Somewhat agree,Agree,Agree,3,3,3,4,3,57,Woman,-99,No,No,Yes,No,No,No,No,Pass,Pass,0,1,Some financial stress,Woman,4.833333333333333,28.375,68.75,66,51.75,9.25,3.2,5.666666666666667,0.75,0.6666666666666666,0.3333333333333333,Several of the days
13885504531,13885505231,Strongly disagree,Nearly every day,Neither agree nor disagree,Slightly disagree,Slightly agree,Slightly agree,Slightly disagree,Slightly disagree,0,0,0,15,0,0,0,0,0,15,0,10,0,0,0,0,26,0,20,0,0,0,0,0,Not at all,Not at all,Not at all,Not at all,Not at all,Not at all,Not at all,Not at all,Not at all,Not at all,Not at all,Not at all,Not at all,Strongly agree,Agree,Agree,2,3,2,Not at all typical of me,3,21,Man,-99,No,No,No,No,No,No,No,Pass,Pass,0,0,No financial stress,Man,3.8333333333333335,1.875,6.25,0,11.5,0,2.2,6.333333333333333,Not at all,Not at all,Not at all,Not at all
13885504498,13885505406,Strongly disagree,Nearly every day,Agree,Strongly agree,Slightly agree,Agree,Strongly agree,Agree,0,0,0,70,0,0,0,0,30,45,20,5,30,25,30,25,0,0,30,25,5,5,65,65,Not at all,Not at all,Not at all,Not at all,Not at all,Not at all,Not at all,Not at all,Not at all,Not at all,Several of the days,Several of the days,Not at all,Somewhat agree,Somewhat agree,Agree,2,2,3,2,3,47,Woman,-99,No,No,No,No,No,Yes,No,Pass,Pass,0,1,Some financial stress,Woman,6.166666666666667,8.75,25,27.5,13.75,35,2.4,5.333333333333333,Not at all,Not at all,Not at all,0.6666666666666666
13885505052,13885505663,Strongly disagree,Nearly every day,Slightly agree,Slightly agree,Agree,Neither agree nor disagree,Neither agree nor disagree,Neither agree nor disagree,0,0,10,20,0,5,0,0,0,15,0,0,5,0,0,0,0,0,0,0,65,55,20,20,Not at all,Not at all,Not at all,Not at all,Not at all,Not at all,Not at all,Not at all,Not at all,Not at all,Not at all,Not at all,Not at all,Somewhat agree,Agree,Somewhat agree,2,3,3,Not at all typical of me,2,53,Woman,-99,No,No,No,No,No,No,No,Pass,Pass,0,0,No financial stress,Woman,4.666666666666667,4.375,3.75,1.25,0,40,2.2,5.333333333333333,Not at all,Not at all,Not at all,Not at all
13885501118,13885501527,Strongly disagree,Nearly every day,Agree,Slightly agree,Slightly agree,Strongly agree,Slightly agree,Slightly agree,0,0,7,59,24,13,24,47,59,59,57,51,71,61,61,59,44,33,40,50,22,22,23,51,Not at all,Not at all,Not at all,Not at all,Not at all,Not at all,Several of the days,Not at all,Not at all,Not at all,Several of the days,Several of the days,Several of the days,Agree,Agree,Agree,2,2,2,2,2,34,Man,-99,No,No,No,No,No,No,No,Pass,Pass,0,0,No financial stress,Man,5.5,21.75,56.5,63,41.75,29.5,2,6,Not at all,0.3333333333333333,Not at all,Several of the days
13885505193,13885506627,Strongly disagree,Nearly every day,Slightly agree,Slightly agree,Slightly disagree,Neither agree nor disagree,Slightly disagree,Slightly disagree,0,0,0,0,0,0,0,0,38,52,37,29,29,0,17,0,0,0,15,8,3,4,3,4,Not at all,Not at all,Not at all,Not at all,Not at all,Not at all,Not at all,Not at all,Not at all,Not at all,Not at all,Not at all,Not at all,Neither agree nor disagree,Neither agree nor disagree,Neither agree nor disagree,4,4,4,4,4,25,Woman,-99,No,No,No,No,No,No,No,Pass,Pass,0,0,No financial stress,Woman,3.8333333333333335,0,39,11.5,5.75,3.5,4,4,Not at all,Not at all,Not at all,Not at all
13885504359,13885504938,Strongly disagree,Nearly every day,Neither agree nor disagree,Neither agree nor disagree,Neither agree nor disagree,Disagree,Neither agree nor disagree,Slightly disagree,0,0,0,0,0,0,0,0,0,0,0,0,0,0,0,0,0,0,0,0,0,0,0,0,Not at all,Not at all,Not at all,Not at all,Not at all,Not at all,Not at all,Not at all,Not at all,Not at all,Not at all,Not at all,Not at all,Neither agree nor disagree,Neither agree nor disagree,Neither agree nor disagree,Not at all typical of me,Not at all typical of me,Not at all typical of me,Not at all typical of me,Not at all typical of me,26,Man,-99,No,No,No,No,No,No,No,Pass,Pass,0,0,No financial stress,Man,3.5,0,0,0,0,0,1,4,Not at all,Not at all,Not at all,Not at all
13885503660,13885504022,Strongly disagree,Nearly every day,Slightly agree,Disagree,Slightly agree,Slightly agree,Disagree,Slightly agree,0,0,0,5,0,0,1,0,5,20,0,0,5,0,15,0,0,0,0,20,0,0,0,0,Not at all,Not at all,Not at all,Not at all,Not at all,Not at all,Not at all,Not at all,Several of the days,Not at all,Not at all,Not at all,Not at all,Agree,Strongly agree,Agree,3,4,4,4,4,30,Man,-99,No,No,No,Yes,No,No,No,Pass,Pass,0,1,Some financial stress,Man,Neither agree nor disagree,0.75,6.25,5,5,0,3.8,6.333333333333333,Not at all,Not at all,0.3333333333333333,Not at all
13885503437,13885504261,Strongly disagree,Nearly every day,Agree,Agree,Agree,Agree,Agree,Agree,0,0,0,70,0,0,0,0,50,60,50,50,60,50,60,50,60,30,40,40,40,30,30,50,Several of the days,Not at all,Not at all,Not at all,Not at all,Not at all,Not at all,Several of the days,Not at all,Not at all,Not at all,Not at all,Not at all,Agree,Somewhat agree,Agree,2,3,4,3,4,34,Man,-99,No,No,No,No,No,No,No,Pass,Pass,0,0,No financial stress,Man,Agree,8.75,52.5,55,42.5,37.5,3.2,5.666666666666667,0.25,Not at all,0.3333333333333333,Not at all
13885504322,13885504867,Strongly disagree,Nearly every day,Slightly agree,Slightly agree,Slightly agree,Agree,Agree,Slightly agree,0,0,13,22,0,0,0,0,53,49,52,50,50,46,55,48,10,14,39,30,7,9,10,26,Several of the days,Not at all,Not at all,Several of the days,Not at all,Not at all,Not at all,Not at all,Not at all,Not at all,Not at all,Not at all,Not at all,Somewhat agree,Somewhat agree,Somewhat agree,4,4,4,4,4,29,Woman,-99,Yes,No,No,No,No,No,No,Pass,Pass,0,1,Some financial stress,Woman,5.333333333333333,4.375,51,49.75,23.25,13,4,5,0.5,Not at all,Not at all,Not at all
13885504178,13885504550,Strongly disagree,Nearly every day,Agree,Agree,Slightly disagree,Agree,Agree,Agree,1,35,32,27,34,16,50,40,14,22,18,20,47,25,20,24,19,6,4,6,14,12,16,13,Several of the days,Several of the days,Not at all,Not at all,Not at all,Several of the days,Several of the days,Not at all,Several of the days,Several of the days,Several of the days,Several of the days,Not at all,Somewhat disagree,Somewhat disagree,Neither agree nor disagree,2,2,3,3,2,34,Woman,-99,No,No,No,No,No,No,No,Pass,Pass,0,0,No financial stress,Woman,5.5,29.375,18.5,29,8.75,13.75,2.4,3.3333333333333335,0.5,0.6666666666666666,0.6666666666666666,0.6666666666666666
13885504710,13885505354,Strongly disagree,Nearly every day,Slightly disagree,Neither agree nor disagree,Slightly disagree,Slightly agree,Slightly agree,Slightly agree,0,0,0,0,0,0,0,0,48,51,53,29,29,1,13,1,1,1,26,55,17,19,20,8,Not at all,Not at all,Not at all,Not at all,Not at all,Not at all,Not at all,Not at all,Not at all,Not at all,Not at all,Not at all,Not at all,Neither agree nor disagree,Somewhat agree,Somewhat agree,2,2,4,4,3,24,Man,-99,Yes,Yes,No,Yes,Yes,No,No,Pass,Pass,0,4,Some financial stress,Man,4.166666666666667,0,45.25,11,20.75,16,3,4.666666666666667,Not at all,Not at all,Not at all,Not at all
13885504305,13885504984,Strongly disagree,Nearly every day,Agree,Agree,Agree,Strongly agree,Agree,Agree,0,0,26,21,0,0,0,0,2,57,10,0,33,0,0,0,0,0,0,0,6,0,43,33,Not at all,Not at all,Not at all,Not at all,Not at all,Not at all,Not at all,Not at all,Not at all,Not at all,Not at all,Not at all,Not at all,Disagree,Disagree,Neither agree nor disagree,3,3,4,2,3,29,Woman,-99,No,No,No,No,No,No,No,Pass,Pass,0,0,No financial stress,Woman,6.166666666666667,5.875,17.25,8.25,0,20.5,3,2.6666666666666665,Not at all,Not at all,Not at all,Not at all
13885503676,13885504094,Strongly disagree,Nearly every day,Agree,Slightly agree,Slightly agree,Agree,Slightly agree,Agree,0,0,25,36,0,0,0,0,10,10,10,0,25,0,0,0,5,0,0,0,0,0,0,5,Not at all,Not at all,Not at all,Not at all,Not at all,Not at all,Not at all,Not at all,Not at all,Not at all,Not at all,Not at all,Not at all,Agree,Neither agree nor disagree,Agree,Not at all typical of me,Not at all typical of me,2,2,2,30,Man,-99,No,No,No,No,No,No,No,Pass,Pass,0,0,No financial stress,Man,5.5,7.625,7.5,6.25,1.25,1.25,1.6,5.333333333333333,Not at all,Not at all,Not at all,Not at all
13885504432,13885504788,Strongly disagree,Nearly every day,Neither agree nor disagree,Slightly disagree,Slightly disagree,Slightly disagree,Disagree,Disagree,0,0,0,0,0,0,0,0,15,5,2,0,0,0,1,0,0,0,0,0,2,9,3,0,Not at all,Not at all,Not at all,Not at all,Not at all,Not at all,Not at all,Not at all,Not at all,Not at all,Not at all,Not at all,Not at all,Disagree,Neither agree nor disagree,Neither agree nor disagree,Not at all typical of me,Not at all typical of me,Not at all typical of me,3,Not at all typical of me,55,Man,-99,No,No,Yes,No,No,No,No,Pass,Pass,0,1,Some financial stress,Man,2.8333333333333335,0,5.5,0.25,0,3.5,1.4,3.3333333333333335,Not at all,Not at all,Not at all,Not at all
13885504365,13885504732,Strongly disagree,Nearly every day,Agree,Agree,Agree,Agree,Slightly agree,Slightly agree,0,0,0,0,0,0,50,0,10,30,10,20,20,0,10,0,10,10,10,10,0,0,0,10,Not at all,Not at all,Not at all,Not at all,Not at all,Not at all,Not at all,Not at all,Not at all,Not at all,Not at all,Not at all,Not at all,Somewhat agree,Agree,Agree,2,2,2,Not at all typical of me,Not at all typical of me,36,Man,-99,No,No,No,No,No,No,No,Pass,Pass,0,0,No financial stress,Man,5.666666666666667,6.25,17.5,7.5,10,2.5,1.6,5.666666666666667,Not at all,Not at all,Not at all,Not at all
13885501815,13885502317,Strongly disagree,Nearly every day,Slightly agree,Slightly agree,Slightly agree,Slightly agree,Slightly agree,Slightly agree,0,0,28,71,27,39,0,0,50,52,50,49,51,50,53,51,0,0,73,53,0,0,0,39,Not at all,Not at all,Not at all,Several of the days,Not at all,Not at all,Not at all,Not at all,Not at all,Not at all,Not at all,Not at all,Not at all,Agree,Agree,Agree,2,Not at all typical of me,2,Not at all typical of me,2,25,Man,-99,No,No,Yes,No,No,Yes,No,Pass,Pass,0,2,Some financial stress,Man,Slightly agree,20.625,50.25,51.25,31.5,9.75,1.6,6,0.25,Not at all,Not at all,Not at all
13885502280,13885502919,Strongly disagree,Nearly every day,Disagree,Disagree,Disagree,Disagree,Disagree,Disagree,0,0,0,0,0,0,0,0,3,3,3,3,0,3,10,3,0,0,0,3,0,0,0,0,Not at all,Not at all,Not at all,Not at all,Not at all,Not at all,Not at all,Not at all,Not at all,Not at all,Not at all,Not at all,Not at all,Somewhat disagree,Neither agree nor disagree,Somewhat agree,Not at all typical of me,Not at all typical of me,3,Not at all typical of me,Not at all typical of me,42,Man,-99,No,No,No,No,No,No,No,Pass,Pass,0,0,No financial stress,Man,Disagree,0,3,4,0.75,0,1.4,4,Not at all,Not at all,Not at all,Not at all
13885504466,13885504855,Strongly disagree,Nearly every day,Agree,Slightly agree,Slightly agree,Agree,Slightly agree,Slightly agree,0,0,30,60,20,20,30,80,100,100,100,100,100,90,90,90,100,70,80,80,0,0,30,90,Several of the days,Several of the days,Several of the days,Several of the days,Several of the days,Several of the days,Several of the days,Several of the days,Several of the days,Several of the days,Several of the days,Several of the days,Several of the days,Strongly agree,Agree,Agree,Very typical of me,Very typical of me,4,Very typical of me,Very typical of me,26,Woman,-99,Yes,Yes,Yes,Yes,Yes,Yes,No,Pass,Pass,0,6,Some financial stress,Woman,5.333333333333333,30,100,92.5,82.5,30,4.8,6.333333333333333,Several of the days,Several of the days,Several of the days,Several of the days
13885504805,13885505432,Strongly disagree,Nearly every day,Disagree,Disagree,Slightly agree,Slightly agree,Disagree,Disagree,0,0,0,3,0,0,0,0,0,0,0,0,10,10,10,10,0,0,0,10,0,0,0,0,Not at all,Not at all,Not at all,Not at all,Not at all,Not at all,Not at all,Not at all,Not at all,Not at all,Not at all,Not at all,Not at all,Strongly agree,Strongly agree,Strongly agree,2,4,4,4,2,33,Woman,-99,No,No,No,No,No,No,No,Pass,Pass,0,0,No financial stress,Woman,Slightly disagree,0.375,0,10,2.5,0,3.2,7,Not at all,Not at all,Not at all,Not at all
13885504442,13885504941,Strongly disagree,Nearly every day,Slightly agree,Slightly agree,Agree,Agree,Slightly agree,Slightly agree,0,0,0,22,0,0,0,30,40,63,36,68,54,33,42,35,28,45,65,56,27,17,19,47,Several of the days,Not at all,Not at all,Not at all,Not at all,Not at all,Not at all,Not at all,Not at all,Not at all,Not at all,Not at all,Not at all,Somewhat agree,Agree,Somewhat agree,3,3,4,4,3,34,Man,-99,No,No,No,No,No,No,No,Pass,Pass,0,0,No financial stress,Man,5.333333333333333,6.5,51.75,41,48.5,27.5,3.4,5.333333333333333,0.25,Not at all,Not at all,Not at all
13885504526,13885505033,Strongly disagree,Nearly every day,Neither agree nor disagree,Disagree,Slightly disagree,Slightly disagree,Disagree,Disagree,0,0,0,50,6,33,65,0,0,0,0,3,50,10,10,16,0,0,0,0,0,0,0,10,Not at all,Not at all,Not at all,Not at all,Not at all,Not at all,Not at all,Not at all,Not at all,Not at all,Not at all,Not at all,Not at all,Disagree,Somewhat disagree,Somewhat agree,Not at all typical of me,Not at all typical of me,2,Not at all typical of me,Not at all typical of me,35,Man,-99,No,No,No,No,No,No,No,Pass,Pass,0,0,No financial stress,Man,2.6666666666666665,19.25,0.75,21.5,0,2.5,1.2,3.3333333333333335,Not at all,Not at all,Not at all,Not at all
13885503991,13885504195,Strongly disagree,Nearly every day,Slightly agree,Agree,Agree,Slightly agree,Agree,Slightly agree,0,0,0,50,0,0,0,20,19,48,36,33,29,9,11,10,0,0,12,25,32,31,66,67,Not at all,Not at all,Not at all,Not at all,Not at all,Not at all,Not at all,Not at all,Not at all,Not at all,Not at all,Not at all,Not at all,Somewhat agree,Somewhat agree,Somewhat agree,Not at all typical of me,Not at all typical of me,Not at all typical of me,Not at all typical of me,2,41,Man,-99,No,No,No,No,No,No,No,Pass,Pass,0,0,No financial stress,Man,5.5,8.75,34,14.75,9.25,49,1.2,5,Not at all,Not at all,Not at all,Not at all
13885418738,13885419481,Strongly disagree,Nearly every day,Slightly agree,Slightly agree,Agree,Agree,Slightly agree,Neither agree nor disagree,0,0,0,10,0,0,0,0,0,2,0,1,0,0,0,0,0,0,0,0,20,55,30,10,Not at all,Not at all,Not at all,Not at all,Not at all,Not at all,Not at all,Not at all,Not at all,Not at all,Not at all,Not at all,Not at all,Neither agree nor disagree,Neither agree nor disagree,Somewhat agree,Not at all typical of me,Not at all typical of me,Not at all typical of me,Not at all typical of me,Not at all typical of me,35,Man,-99,No,No,No,No,No,No,No,Pass,Pass,0,0,No financial stress,Man,5.166666666666667,1.25,0.75,0,0,28.75,1,4.333333333333333,Not at all,Not at all,Not at all,Not at all
13885504396,13885505000,Strongly disagree,Nearly every day,Neither agree nor disagree,Slightly disagree,Neither agree nor disagree,Neither agree nor disagree,Neither agree nor disagree,Slightly disagree,0,0,0,6,0,0,0,0,0,3,0,0,0,0,0,0,0,0,0,0,0,0,0,0,Not at all,Not at all,Not at all,Not at all,Not at all,Not at all,Not at all,Not at all,Not at all,Not at all,Not at all,Not at all,Not at all,Neither agree nor disagree,Neither agree nor disagree,Neither agree nor disagree,3,3,4,4,2,48,Woman,-99,No,No,No,Yes,No,Yes,Yes,Pass,Pass,0,3,Some financial stress,Woman,3.6666666666666665,0.75,0.75,0,0,0,3.2,4,Not at all,Not at all,Not at all,Not at all
13885416724,13885417738,Strongly disagree,Nearly every day,Agree,Slightly agree,Slightly agree,Strongly agree,Neither agree nor disagree,Slightly agree,0,0,0,5,0,0,0,0,19,43,16,18,22,6,3,3,1,0,0,8,0,5,0,0,Not at all,Not at all,Not at all,Not at all,Not at all,Not at all,Not at all,Not at all,Not at all,Not at all,Not at all,Not at all,Not at all,Neither agree nor disagree,Neither agree nor disagree,Somewhat agree,2,3,3,3,2,27,Woman,-99,No,No,No,No,No,No,No,Pass,Pass,0,0,No financial stress,Woman,5.333333333333333,0.625,24,8.5,2.25,1.25,2.6,4.333333333333333,Not at all,Not at all,Not at all,Not at all
13885502867,13885503098,Strongly disagree,Nearly every day,Disagree,Slightly disagree,Slightly agree,Disagree,Slightly disagree,Disagree,0,66,0,0,0,0,0,37,0,43,0,42,0,0,66,0,0,0,0,0,0,0,0,0,Not at all,Not at all,Not at all,Not at all,Not at all,Not at all,Not at all,Not at all,Not at all,Not at all,Not at all,Not at all,Not at all,Neither agree nor disagree,Disagree,Disagree,3,2,4,4,2,45,Man,-99,No,No,No,No,No,No,No,Pass,Pass,0,0,No financial stress,Man,2.8333333333333335,12.875,21.25,16.5,0,0,3,2.6666666666666665,Not at all,Not at all,Not at all,Not at all
13885504580,13885505929,Strongly disagree,Nearly every day,Slightly agree,Slightly agree,Agree,Agree,Agree,Agree,0,0,50,60,15,35,80,35,50,50,50,50,50,50,50,50,50,0,75,50,50,50,0,50,Not at all,Not at all,Not at all,Not at all,Not at all,Not at all,Not at all,Not at all,Not at all,Not at all,Not at all,Not at all,Not at all,Agree,Somewhat agree,Agree,3,3,3,3,3,42,Woman,-99,No,No,No,No,No,No,No,Pass,Pass,0,0,No financial stress,Woman,5.666666666666667,34.375,50,50,43.75,37.5,3,5.666666666666667,Not at all,Not at all,Not at all,Not at all
13885505242,13885505983,Strongly disagree,Nearly every day,Agree,Neither agree nor disagree,Neither agree nor disagree,Slightly agree,Neither agree nor disagree,Slightly disagree,0,0,25,50,50,24,0,60,30,70,30,73,64,45,60,39,25,0,50,35,45,45,30,40,Not at all,Not at all,Not at all,Not at all,Not at all,Not at all,Not at all,Not at all,Not at all,Not at all,Not at all,Not at all,Not at all,Agree,Agree,Strongly agree,Not at all typical of me,2,2,2,2,54,Man,-99,No,No,No,Yes,No,No,No,Pass,Pass,0,1,Some financial stress,Man,4.333333333333333,26.125,50.75,52,27.5,40,1.8,6.333333333333333,Not at all,Not at all,Not at all,Not at all
13885502557,13885503132,Strongly disagree,Nearly every day,Neither agree nor disagree,Neither agree nor disagree,Neither agree nor disagree,Slightly agree,Slightly agree,Slightly agree,6,8,24,8,41,23,19,38,11,11,9,5,8,11,11,17,16,12,8,25,21,19,17,41,Not at all,Not at all,Not at all,Not at all,Not at all,Not at all,Several of the days,Not at all,Not at all,Not at all,Not at all,Not at all,Several of the days,Somewhat agree,Somewhat agree,Neither agree nor disagree,3,4,3,4,3,31,Man,-99,No,No,Yes,No,No,Yes,No,Pass,Pass,0,2,Some financial stress,Man,4.5,20.875,9,11.75,15.25,24.5,3.4,4.666666666666667,Not at all,0.3333333333333333,Not at all,0.3333333333333333
13885504949,13885505582,Strongly disagree,Nearly every day,Strongly disagree,Strongly disagree,Slightly agree,Slightly agree,Strongly disagree,Strongly disagree,0,0,0,0,0,0,0,0,0,0,0,0,0,0,0,0,0,0,0,0,0,0,0,0,Not at all,Not at all,Not at all,Not at all,Not at all,Not at all,Not at all,Not at all,Not at all,Not at all,Not at all,Not at all,Not at all,Somewhat disagree,Agree,Somewhat agree,3,4,2,2,3,33,Man,-99,No,No,No,No,No,No,No,Pass,Pass,0,0,No financial stress,Man,2.3333333333333335,0,0,0,0,0,2.8,4.666666666666667,Not at all,Not at all,Not at all,Not at all
13885503856,13885505125,Strongly disagree,Nearly every day,Strongly agree,Agree,Neither agree nor disagree,Slightly agree,Neither agree nor disagree,Slightly agree,0,0,6,28,22,33,4,53,24,16,15,2,11,6,28,11,1,0,0,0,27,19,14,25,Over half the days,Several of the days,Not at all,Not at all,Several of the days,Not at all,Not at all,Several of the days,Not at all,Not at all,Not at all,Several of the days,Not at all,Agree,Neither agree nor disagree,Neither agree nor disagree,4,3,4,3,3,32,Woman,-99,No,No,No,No,No,No,No,Pass,Pass,0,0,No financial stress,Woman,5.166666666666667,18.25,14.25,14,0.25,21.25,3.4,4.666666666666667,0.75,0.3333333333333333,0.3333333333333333,0.3333333333333333
13885505119,13885506197,Strongly disagree,Nearly every day,Slightly agree,Disagree,Slightly agree,Slightly agree,Slightly agree,Slightly agree,0,0,0,0,0,0,20,42,30,30,30,30,30,5,5,0,20,0,15,10,30,30,0,0,Not at all,Not at all,Not at all,Not at all,Not at all,Not at all,Not at all,Not at all,Not at all,Not at all,Not at all,Not at all,Not at all,Agree,Agree,Agree,4,4,4,4,4,22,Woman,-99,No,No,No,No,No,No,No,Pass,Pass,0,0,No financial stress,Woman,4.5,7.75,30,10,11.25,15,4,6,Not at all,Not at all,Not at all,Not at all
13885501346,13885501691,Strongly disagree,Nearly every day,Strongly agree,Slightly agree,Slightly agree,Agree,Slightly agree,Slightly agree,4,0,0,59,7,0,0,0,10,44,56,49,66,13,30,20,89,0,6,7,0,0,0,0,Not at all,Not at all,Not at all,Not at all,Not at all,Not at all,Not at all,Not at all,Not at all,Not at all,Not at all,Not at all,Not at all,Strongly agree,Strongly agree,Strongly agree,3,4,4,2,Not at all typical of me,26,Woman,-99,No,No,No,No,No,No,No,Pass,Pass,0,0,No financial stress,Woman,5.5,8.75,39.75,32.25,25.5,0,2.8,7,Not at all,Not at all,Not at all,Not at all
13885416982,13885417702,Strongly disagree,Nearly every day,Slightly agree,Slightly disagree,Neither agree nor disagree,Agree,Slightly disagree,Slightly disagree,0,0,0,25,10,0,10,0,55,55,55,60,60,50,55,50,25,25,35,45,10,5,5,5,Not at all,Not at all,Not at all,Several of the days,Not at all,Not at all,Not at all,Not at all,Not at all,Not at all,Not at all,Not at all,Not at all,Strongly agree,Strongly agree,Strongly agree,2,3,4,4,3,25,Man,-99,No,Yes,Yes,Yes,No,Yes,Yes,Pass,Pass,0,5,Some financial stress,Man,Neither agree nor disagree,5.625,56.25,53.75,32.5,6.25,3.2,7,0.25,Not at all,Not at all,Not at all
13885507814,13885509034,Strongly disagree,Nearly every day,Slightly agree,Neither agree nor disagree,Slightly agree,Slightly agree,Neither agree nor disagree,Neither agree nor disagree,0,0,27,27,0,3,30,31,31,32,31,33,46,10,12,16,5,4,11,16,2,2,1,4,Not at all,Not at all,Not at all,Not at all,Not at all,Not at all,Not at all,Not at all,Not at all,Not at all,Not at all,Not at all,Not at all,Somewhat agree,Somewhat agree,Neither agree nor disagree,Not at all typical of me,Not at all typical of me,Not at all typical of me,Not at all typical of me,Not at all typical of me,29,Man,-99,No,No,No,No,No,No,No,Pass,Pass,0,0,No financial stress,Man,4.5,14.75,31.75,21,9,2.25,1,4.666666666666667,Not at all,Not at all,Not at all,Not at all
13885503015,13885503469,Strongly disagree,Nearly every day,Slightly agree,Neither agree nor disagree,Strongly agree,Strongly agree,Neither agree nor disagree,Agree,0,0,50,80,0,80,0,50,70,86,50,50,100,60,50,30,50,20,70,50,15,15,15,50,Not at all,Not at all,Several of the days,Several of the days,Not at all,Not at all,Not at all,Not at all,Not at all,Not at all,Not at all,Not at all,Not at all,Strongly agree,Strongly agree,Strongly agree,3,3,4,3,Very typical of me,29,Woman,-99,No,Yes,No,No,No,No,No,Pass,Pass,0,1,Some financial stress,Woman,5.5,32.5,64,60,47.5,23.75,3.6,7,0.5,Not at all,Not at all,Not at all
13885504463,13885505351,Strongly disagree,Nearly every day,Slightly agree,Slightly disagree,Neither agree nor disagree,Slightly agree,Disagree,Slightly disagree,0,0,0,65,0,0,0,0,15,25,15,5,20,5,5,5,0,0,5,11,0,0,0,5,Not at all,Not at all,Not at all,Not at all,Not at all,Not at all,Not at all,Not at all,Not at all,Not at all,Not at all,Not at all,Not at all,Neither agree nor disagree,Strongly agree,Agree,3,4,Very typical of me,2,3,22,Man,-99,No,No,No,No,No,No,No,Pass,Pass,0,0,No financial stress,Man,3.6666666666666665,8.125,15,8.75,4,1.25,3.4,5.666666666666667,Not at all,Not at all,Not at all,Not at all
13885503830,13885504184,Strongly disagree,Nearly every day,Slightly disagree,Slightly disagree,Slightly agree,Slightly agree,Neither agree nor disagree,Neither agree nor disagree,0,0,8,6,2,0,0,0,10,16,10,10,14,12,6,1,0,0,0,0,17,16,16,50,Not at all,Not at all,Not at all,Not at all,Not at all,Not at all,Not at all,Not at all,Not at all,Not at all,Not at all,Not at all,Not at all,Somewhat agree,Neither agree nor disagree,Neither agree nor disagree,Not at all typical of me,Not at all typical of me,Not at all typical of me,Not at all typical of me,Not at all typical of me,26,Man,-99,No,No,No,No,No,No,No,Pass,Pass,0,0,No financial stress,Man,Neither agree nor disagree,2,11.5,8.25,0,24.75,1,4.333333333333333,Not at all,Not at all,Not at all,Not at all
13885502621,13885503193,Strongly disagree,Nearly every day,Slightly agree,Slightly agree,Neither agree nor disagree,Neither agree nor disagree,Neither agree nor disagree,Neither agree nor disagree,0,0,0,35,0,0,0,0,0,0,0,0,0,0,0,0,0,0,0,0,0,0,0,0,Not at all,Not at all,Not at all,Not at all,Not at all,Not at all,Not at all,Not at all,Not at all,Not at all,Not at all,Not at all,Not at all,Neither agree nor disagree,Somewhat agree,Somewhat disagree,Not at all typical of me,Not at all typical of me,Not at all typical of me,Not at all typical of me,Not at all typical of me,37,Man,-99,No,No,No,No,No,No,No,Pass,Pass,0,0,No financial stress,Man,4.333333333333333,4.375,0,0,0,0,1,4,Not at all,Not at all,Not at all,Not at all
13885503146,13885504202,Strongly disagree,Nearly every day,Slightly agree,Neither agree nor disagree,Slightly agree,Slightly agree,Neither agree nor disagree,Neither agree nor disagree,0,0,10,30,20,0,0,30,30,50,40,50,30,20,40,20,40,25,30,30,5,10,10,20,Not at all,Not at all,Not at all,Not at all,Not at all,Not at all,Not at all,Not at all,Not at all,Not at all,Several of the days,Not at all,Not at all,Somewhat agree,Somewhat agree,Somewhat agree,4,4,4,4,3,46,Man,-99,No,No,No,No,No,No,No,Pass,Pass,0,0,No financial stress,Man,4.5,11.25,42.5,27.5,31.25,11.25,3.8,5,Not at all,Not at all,Not at all,0.3333333333333333
13885504360,13885505005,Strongly disagree,Nearly every day,Neither agree nor disagree,Slightly agree,Slightly agree,Agree,Neither agree nor disagree,Agree,21,0,19,19,27,0,84,33,10,34,18,64,73,27,36,19,18,0,14,21,41,44,32,51,Not at all,Not at all,Not at all,Not at all,Not at all,Not at all,Not at all,Not at all,Not at all,Not at all,Not at all,Not at all,Not at all,Strongly agree,Neither agree nor disagree,Somewhat disagree,3,4,4,2,4,26,Man,-99,No,Yes,Yes,Yes,No,Yes,Yes,Pass,Pass,0,5,Some financial stress,Man,Slightly agree,25.375,31.5,38.75,13.25,42,3.4,4.666666666666667,Not at all,Not at all,Not at all,Not at all
13885503714,13885503846,Strongly disagree,Nearly every day,Neither agree nor disagree,Neither agree nor disagree,Neither agree nor disagree,Neither agree nor disagree,Neither agree nor disagree,Neither agree nor disagree,0,0,0,0,0,0,0,0,0,0,0,0,0,0,0,0,0,0,0,0,0,0,0,0,Not at all,Not at all,Not at all,Not at all,Not at all,Not at all,Not at all,Not at all,Not at all,Not at all,Not at all,Not at all,Not at all,Neither agree nor disagree,Neither agree nor disagree,Neither agree nor disagree,Not at all typical of me,Not at all typical of me,Not at all typical of me,Not at all typical of me,Not at all typical of me,36,Man,-99,No,No,No,No,No,No,No,Pass,Pass,0,0,No financial stress,Man,Neither agree nor disagree,0,0,0,0,0,1,4,Not at all,Not at all,Not at all,Not at all
13885502561,13885503100,Strongly disagree,Nearly every day,Disagree,Slightly agree,Slightly agree,Agree,Slightly disagree,Slightly disagree,0,0,0,20,0,5,0,0,10,15,5,0,25,25,30,5,0,0,15,5,10,10,5,1,Not at all,Not at all,Not at all,Not at all,Not at all,Not at all,Not at all,Not at all,Not at all,Not at all,Not at all,Not at all,Not at all,Agree,Agree,Agree,Not at all typical of me,Not at all typical of me,Not at all typical of me,2,Not at all typical of me,53,Man,-99,No,No,No,No,No,No,No,Pass,Pass,0,0,No financial stress,Man,Neither agree nor disagree,3.125,7.5,21.25,5,6.5,1.2,6,Not at all,Not at all,Not at all,Not at all
13885504709,13885505036,Strongly disagree,Nearly every day,Slightly agree,Slightly agree,Slightly agree,Slightly agree,Slightly agree,Slightly agree,0,0,0,0,0,0,0,0,12,12,11,2,2,2,1,0,0,0,0,0,11,12,14,0,Not at all,Not at all,Not at all,Not at all,Not at all,Not at all,Not at all,Not at all,Not at all,Not at all,Not at all,Not at all,Not at all,Neither agree nor disagree,Somewhat agree,Somewhat agree,3,3,3,3,3,49,Woman,-99,No,No,No,No,No,Yes,Yes,Pass,Pass,0,2,Some financial stress,Woman,Slightly agree,0,9.25,1.25,0,9.25,3,4.666666666666667,Not at all,Not at all,Not at all,Not at all
13885502044,13885502539,Strongly disagree,Nearly every day,Slightly agree,Slightly disagree,Slightly agree,Agree,Neither agree nor disagree,Neither agree nor disagree,0,0,0,22,0,0,0,18,36,32,41,39,33,35,32,22,15,18,22,25,0,0,11,0,Not at all,Not at all,Not at all,Not at all,Not at all,Not at all,Not at all,Not at all,Not at all,Not at all,Not at all,Not at all,Not at all,Neither agree nor disagree,Neither agree nor disagree,Neither agree nor disagree,2,2,4,2,3,21,Woman,-99,Yes,No,Yes,No,No,Yes,No,Pass,Pass,0,3,Some financial stress,Woman,4.5,5,37,30.5,20,2.75,2.6,4,Not at all,Not at all,Not at all,Not at all
13885416928,13885417252,Strongly disagree,Nearly every day,Neither agree nor disagree,Slightly disagree,Slightly disagree,Slightly disagree,Slightly disagree,Slightly disagree,0,0,0,0,0,0,0,0,0,1,0,0,2,0,0,1,0,0,0,0,2,0,0,0,Not at all,Not at all,Not at all,Not at all,Not at all,Not at all,Not at all,Not at all,Not at all,Not at all,Not at all,Not at all,Not at all,Disagree,Disagree,Disagree,Not at all typical of me,Not at all typical of me,Not at all typical of me,Not at all typical of me,Not at all typical of me,45,Man,-99,No,No,No,No,No,No,No,Pass,Pass,0,0,No financial stress,Man,3.1666666666666665,0,0.25,0.75,0,0.5,1,2,Not at all,Not at all,Not at all,Not at all
13885503332,13885503701,Strongly disagree,Nearly every day,Slightly agree,Disagree,Strongly disagree,Slightly disagree,Disagree,Agree,0,0,0,75,0,0,0,0,30,80,0,30,75,20,50,0,10,5,5,10,35,35,5,20,Not at all,Not at all,Not at all,Not at all,Not at all,Not at all,Not at all,Not at all,Not at all,Not at all,Not at all,Not at all,Not at all,Strongly agree,Strongly agree,Strongly agree,2,Not at all typical of me,4,4,2,27,Man,-99,No,No,No,No,No,No,No,Pass,Pass,0,0,No financial stress,Man,3.1666666666666665,9.375,35,36.25,7.5,23.75,2.6,7,Not at all,Not at all,Not at all,Not at all
13885503277,13885503603,Strongly disagree,Nearly every day,Slightly disagree,Slightly disagree,Slightly agree,Slightly agree,Disagree,Disagree,0,0,0,0,0,12,0,1,9,7,6,18,0,0,0,0,5,0,6,8,0,0,0,0,Not at all,Not at all,Not at all,Not at all,Not at all,Not at all,Not at all,Not at all,Not at all,Not at all,Not at all,Not at all,Not at all,Somewhat agree,Neither agree nor disagree,Somewhat disagree,2,Not at all typical of me,Not at all typical of me,Not at all typical of me,Not at all typical of me,33,Man,-99,No,No,No,No,No,No,No,Pass,Pass,0,0,No financial stress,Man,3.3333333333333335,1.625,10,0,4.75,0,1.2,4,Not at all,Not at all,Not at all,Not at all
13885504259,13885504917,Strongly disagree,Nearly every day,Neither agree nor disagree,Neither agree nor disagree,Neither agree nor disagree,Neither agree nor disagree,Neither agree nor disagree,Neither agree nor disagree,0,0,0,0,0,0,0,0,0,0,0,0,0,0,0,0,0,0,0,0,0,0,0,0,Not at all,Not at all,Not at all,Not at all,Not at all,Not at all,Not at all,Not at all,Not at all,Not at all,Not at all,Not at all,Not at all,Neither agree nor disagree,Neither agree nor disagree,Neither agree nor disagree,Not at all typical of me,3,4,Not at all typical of me,3,26,Man,-99,Yes,Yes,No,No,No,Yes,Yes,Pass,Pass,0,4,Some financial stress,Man,Neither agree nor disagree,0,0,0,0,0,2.4,4,Not at all,Not at all,Not at all,Not at all
13885501443,13885502019,Strongly disagree,Nearly every day,Slightly agree,Slightly agree,Slightly agree,Agree,Slightly agree,Slightly agree,0,0,0,36,35,12,0,0,20,47,31,35,35,35,47,27,39,11,11,38,4,3,1,11,Several of the days,Not at all,Not at all,Not at all,Not at all,Not at all,Not at all,Not at all,Not at all,Not at all,Several of the days,Not at all,Not at all,Somewhat agree,Somewhat agree,Agree,3,3,4,4,4,42,Man,-99,No,No,No,No,No,No,No,Pass,Pass,0,0,No financial stress,Man,5.166666666666667,10.375,33.25,36,24.75,4.75,3.6,5.333333333333333,0.25,Not at all,Not at all,0.3333333333333333
13885502756,13885503228,Strongly disagree,Nearly every day,Slightly agree,Slightly agree,Slightly agree,Slightly agree,Agree,Slightly agree,1,1,22,30,2,20,42,33,8,9,9,15,3,2,10,2,3,1,3,3,32,32,33,36,Not at all,Not at all,Not at all,Not at all,Not at all,Not at all,Not at all,Not at all,Not at all,Not at all,Not at all,Not at all,Not at all,Somewhat agree,Somewhat agree,Somewhat agree,Not at all typical of me,Not at all typical of me,2,Not at all typical of me,Not at all typical of me,32,Man,-99,No,No,No,No,No,No,No,Pass,Pass,0,0,No financial stress,Man,5.166666666666667,18.875,10.25,4.25,2.5,33.25,1.2,5,Not at all,Not at all,Not at all,Not at all
13885501527,13885501933,Strongly disagree,Nearly every day,Disagree,Slightly disagree,Slightly disagree,Neither agree nor disagree,Slightly disagree,Slightly disagree,0,0,12,8,0,7,0,0,23,18,15,18,8,13,27,15,5,4,9,5,25,28,22,7,Not at all,Not at all,Not at all,Not at all,Not at all,Not at all,Not at all,Not at all,Not at all,Not at all,Not at all,Not at all,Not at all,Somewhat disagree,Neither agree nor disagree,Somewhat agree,3,4,4,3,3,40,Woman,-99,No,No,No,No,No,No,No,Pass,Pass,0,0,No financial stress,Woman,Slightly disagree,3.375,18.5,15.75,5.75,20.5,3.4,4,Not at all,Not at all,Not at all,Not at all
13885504937,13885506169,Strongly disagree,Nearly every day,Slightly agree,Slightly agree,Slightly agree,Neither agree nor disagree,Slightly agree,Neither agree nor disagree,0,0,0,70,0,0,0,0,10,40,10,40,35,0,0,0,0,0,40,30,40,15,15,50,Not at all,Not at all,Not at all,Not at all,Not at all,Not at all,Not at all,Not at all,Not at all,Not at all,Not at all,Not at all,Not at all,Strongly agree,Strongly agree,Strongly agree,2,Not at all typical of me,2,Not at all typical of me,Not at all typical of me,31,Man,-99,No,No,No,No,No,No,No,Pass,Pass,0,0,No financial stress,Man,4.666666666666667,8.75,25,8.75,17.5,30,1.4,7,Not at all,Not at all,Not at all,Not at all
13885504882,13885505529,Strongly disagree,Nearly every day,Slightly agree,Slightly agree,Slightly agree,Slightly agree,Disagree,Slightly disagree,0,0,0,10,0,0,0,0,0,0,0,0,10,5,10,0,0,0,0,0,10,0,0,0,Not at all,Not at all,Not at all,Not at all,Not at all,Not at all,Not at all,Not at all,Not at all,Not at all,Not at all,Not at all,Not at all,Disagree,Neither agree nor disagree,Neither agree nor disagree,Not at all typical of me,2,Not at all typical of me,Not at all typical of me,2,30,Man,-99,No,No,No,No,No,Yes,No,Pass,Pass,0,1,Some financial stress,Man,4.166666666666667,1.25,0,6.25,0,2.5,1.4,3.3333333333333335,Not at all,Not at all,Not at all,Not at all
13885502776,13885503528,Strongly disagree,Nearly every day,Agree,Agree,Slightly agree,Slightly agree,Neither agree nor disagree,Slightly disagree,0,0,0,15,0,0,0,0,10,20,10,15,30,20,30,20,0,0,5,14,7,7,7,17,Not at all,Not at all,Not at all,Not at all,Not at all,Not at all,Not at all,Not at all,Not at all,Not at all,Not at all,Not at all,Not at all,Strongly agree,Neither agree nor disagree,Neither agree nor disagree,Not at all typical of me,Not at all typical of me,2,Not at all typical of me,Not at all typical of me,37,Man,-99,No,No,No,No,No,No,No,Pass,Pass,0,0,No financial stress,Man,4.833333333333333,1.875,13.75,25,4.75,9.5,1.2,5,Not at all,Not at all,Not at all,Not at all
13885415083,13885415719,Strongly disagree,Nearly every day,Slightly disagree,Slightly disagree,Slightly disagree,Slightly disagree,Disagree,Disagree,0,0,0,11,9,0,0,0,0,0,0,0,23,0,16,0,0,0,0,0,0,17,0,0,Not at all,Not at all,Not at all,Not at all,Not at all,Not at all,Not at all,Not at all,Not at all,Not at all,Not at all,Not at all,Not at all,Disagree,Somewhat disagree,Agree,2,Not at all typical of me,Not at all typical of me,Not at all typical of me,Not at all typical of me,38,Man,-99,No,No,No,No,No,No,No,Pass,Pass,0,0,No financial stress,Man,2.6666666666666665,2.5,0,9.75,0,4.25,1.2,3.6666666666666665,Not at all,Not at all,Not at all,Not at all
13885502488,13885502836,Strongly disagree,Nearly every day,Slightly agree,Neither agree nor disagree,Agree,Agree,Agree,Agree,0,0,100,100,10,0,0,0,60,60,60,60,60,60,60,60,30,30,30,30,10,10,10,10,Not at all,Not at all,Not at all,Several of the days,Not at all,Not at all,Not at all,Not at all,Not at all,Not at all,Not at all,Several of the days,Several of the days,Strongly agree,Strongly agree,Strongly agree,3,3,3,3,3,35,Woman,-99,No,No,No,No,No,No,No,Pass,Pass,0,0,No financial stress,Woman,5.5,26.25,60,60,30,10,3,7,0.25,Not at all,Not at all,0.6666666666666666
13885502727,13885503139,Strongly disagree,Nearly every day,Slightly agree,Slightly agree,Slightly agree,Slightly agree,Neither agree nor disagree,Slightly agree,0,0,14,17,4,6,30,6,22,21,14,17,4,5,6,6,7,2,12,8,43,40,19,37,Not at all,Not at all,Not at all,Several of the days,Not at all,Not at all,Not at all,Not at all,Not at all,Not at all,Several of the days,Not at all,Not at all,Somewhat agree,Somewhat agree,Somewhat agree,2,2,2,2,3,27,Man,-99,No,No,No,No,No,No,No,Pass,Pass,0,0,No financial stress,Man,4.833333333333333,9.625,18.5,5.25,7.25,34.75,2.2,5,0.25,Not at all,Not at all,0.3333333333333333
13885504487,13885504883,Strongly disagree,Nearly every day,Agree,Agree,Agree,Agree,Agree,Agree,0,0,0,50,10,0,0,10,30,30,30,15,10,10,5,5,5,5,5,10,30,35,35,20,Not at all,Not at all,Not at all,Not at all,Not at all,Not at all,Not at all,Not at all,Not at all,Not at all,Not at all,Not at all,Not at all,Somewhat agree,Somewhat agree,Somewhat agree,3,3,3,2,3,38,Woman,-99,No,Yes,Yes,No,No,Yes,Yes,Pass,Pass,0,4,Some financial stress,Woman,Agree,8.75,26.25,7.5,6.25,30,2.8,5,Not at all,Not at all,Not at all,Not at all
13885504434,13885505030,Strongly disagree,Nearly every day,Agree,Slightly agree,Agree,Slightly agree,Slightly disagree,Slightly disagree,0,0,0,10,0,0,0,0,60,20,60,10,70,30,10,1,20,0,10,1,75,40,0,0,Not at all,Not at all,Not at all,Not at all,Not at all,Not at all,Not at all,Not at all,Not at all,Not at all,Not at all,Not at all,Not at all,Strongly agree,Strongly agree,Somewhat agree,Not at all typical of me,Not at all typical of me,2,Not at all typical of me,4,31,Man,-99,No,No,No,No,No,No,No,Pass,Pass,0,0,No financial stress,Man,4.666666666666667,1.25,37.5,27.75,7.75,28.75,1.8,6.333333333333333,Not at all,Not at all,Not at all,Not at all
13885504050,13885504470,Strongly disagree,Nearly every day,Slightly agree,Slightly agree,Neither agree nor disagree,Slightly agree,Slightly agree,Neither agree nor disagree,0,0,50,50,40,40,0,0,40,65,40,40,71,53,59,53,31,32,29,38,40,38,40,45,Not at all,Not at all,Not at all,Not at all,Not at all,Not at all,Not at all,Several of the days,Not at all,Not at all,Not at all,Not at all,Not at all,Somewhat agree,Somewhat agree,Somewhat agree,2,2,2,2,2,37,Man,-99,No,No,No,No,No,No,No,Pass,Pass,0,0,No financial stress,Man,4.666666666666667,22.5,46.25,59,32.5,40.75,2,5,Not at all,Not at all,0.3333333333333333,Not at all
13885499433,13885499990,Strongly disagree,Nearly every day,Slightly agree,Slightly agree,Neither agree nor disagree,Neither agree nor disagree,Neither agree nor disagree,Neither agree nor disagree,0,0,0,31,0,0,10,5,10,30,5,0,40,0,40,0,0,0,0,0,50,0,0,0,Not at all,Not at all,Not at all,Not at all,Not at all,Not at all,Not at all,Not at all,Not at all,Not at all,Not at all,Not at all,Not at all,Somewhat agree,Somewhat agree,Somewhat agree,Not at all typical of me,2,4,3,3,53,Man,-99,No,No,Yes,Yes,No,Yes,No,Pass,Pass,0,3,Some financial stress,Man,4.333333333333333,5.75,11.25,20,0,12.5,2.6,5,Not at all,Not at all,Not at all,Not at all
13885415821,13885416556,Strongly disagree,Nearly every day,Disagree,Slightly agree,Disagree,Slightly agree,Slightly disagree,Slightly disagree,10,20,0,26,23,0,0,0,31,31,10,0,51,40,0,26,0,0,0,9,29,0,0,0,Not at all,Not at all,Not at all,Not at all,Not at all,Not at all,Not at all,Not at all,Not at all,Not at all,Not at all,Not at all,Not at all,Somewhat agree,Somewhat agree,Agree,3,4,2,2,3,44,Man,-99,No,No,No,No,No,Yes,No,Pass,Pass,0,1,Some financial stress,Man,3.3333333333333335,9.875,18,29.25,2.25,7.25,2.8,5.333333333333333,Not at all,Not at all,Not at all,Not at all
13885504667,13885505140,Strongly disagree,Nearly every day,Agree,Slightly agree,Slightly disagree,Slightly agree,Slightly disagree,Slightly disagree,0,0,0,10,20,0,0,0,0,0,0,0,0,0,20,0,0,0,0,0,0,20,0,0,Not at all,Not at all,Not at all,Not at all,Not at all,Not at all,Not at all,Not at all,Not at all,Not at all,Not at all,Not at all,Not at all,Disagree,Somewhat agree,Somewhat agree,Not at all typical of me,Not at all typical of me,2,2,Not at all typical of me,36,Man,-99,No,No,No,No,No,No,No,Pass,Pass,0,0,No financial stress,Man,4.166666666666667,3.75,0,5,0,5,1.4,4,Not at all,Not at all,Not at all,Not at all
13885503484,13885504081,Strongly disagree,Nearly every day,Slightly agree,Neither agree nor disagree,Agree,Agree,Agree,Agree,0,0,0,0,14,0,0,0,10,78,8,8,19,9,72,5,7,8,42,6,8,6,4,91,Not at all,Not at all,Not at all,Not at all,Not at all,Not at all,Not at all,Not at all,Not at all,Not at all,Not at all,Not at all,Not at all,Agree,Agree,Agree,Not at all typical of me,Not at all typical of me,4,2,2,39,Man,-99,No,No,No,No,No,No,No,Pass,Pass,0,0,No financial stress,Man,5.5,1.75,26,26.25,15.75,27.25,2,6,Not at all,Not at all,Not at all,Not at all
13885417199,13885417709,Strongly disagree,Nearly every day,Agree,Slightly agree,Strongly agree,Strongly agree,Slightly agree,Slightly agree,0,0,26,50,0,10,7,30,30,45,30,75,60,32,20,40,16,15,19,41,14,9,16,82,Several of the days,Not at all,Not at all,Not at all,Not at all,Several of the days,Not at all,Not at all,Not at all,Not at all,Several of the days,Several of the days,Not at all,Neither agree nor disagree,Somewhat agree,Neither agree nor disagree,2,Not at all typical of me,3,2,2,35,Man,-99,No,No,No,No,No,No,No,Pass,Pass,0,0,No financial stress,Man,5.833333333333333,15.375,45,38,22.75,30.25,2,4.333333333333333,0.25,0.3333333333333333,Not at all,0.6666666666666666
13885502662,13885503406,Strongly disagree,Nearly every day,Slightly agree,Slightly disagree,Agree,Slightly agree,Slightly disagree,Slightly disagree,0,0,25,75,5,5,45,20,20,20,20,20,5,41,40,40,5,0,0,39,25,25,80,50,Not at all,Not at all,Not at all,Not at all,Not at all,Not at all,Not at all,Not at all,Not at all,Not at all,Not at all,Not at all,Not at all,Agree,Somewhat agree,Somewhat agree,2,2,2,Not at all typical of me,2,35,Man,-99,No,No,No,No,No,No,No,Pass,Pass,0,0,No financial stress,Man,4.166666666666667,21.875,20,31.5,11,45,1.8,5.333333333333333,Not at all,Not at all,Not at all,Not at all
13885416589,13885416997,Strongly disagree,Nearly every day,Slightly agree,Slightly agree,Neither agree nor disagree,Agree,Agree,Slightly agree,0,0,12,17,1,9,40,0,21,38,13,48,36,14,47,32,20,11,11,23,10,12,12,12,Several of the days,Not at all,Not at all,Not at all,Not at all,Not at all,Not at all,Not at all,Not at all,Not at all,Not at all,Not at all,Not at all,Neither agree nor disagree,Somewhat agree,Somewhat agree,Not at all typical of me,2,3,Not at all typical of me,2,36,Man,-99,No,No,No,No,No,No,No,Pass,Pass,0,0,No financial stress,Man,5.166666666666667,9.875,30,32.25,16.25,11.5,1.8,4.666666666666667,0.25,Not at all,Not at all,Not at all
13885418626,13885419398,Strongly disagree,Nearly every day,Neither agree nor disagree,Slightly disagree,Slightly agree,Neither agree nor disagree,Neither agree nor disagree,Slightly agree,0,0,0,17,0,0,1,0,34,44,29,19,24,6,19,0,0,0,0,0,17,14,14,11,Not at all,Not at all,Not at all,Not at all,Not at all,Not at all,Not at all,Not at all,Not at all,Not at all,Not at all,Not at all,Not at all,Neither agree nor disagree,Neither agree nor disagree,Somewhat disagree,3,3,3,2,2,43,Woman,-99,Yes,Yes,No,No,No,Yes,No,Pass,Pass,0,3,Some financial stress,Woman,4.166666666666667,2.25,31.5,12.25,0,14,2.6,3.6666666666666665,Not at all,Not at all,Not at all,Not at all
13885504790,13885505544,Strongly disagree,Nearly every day,Slightly agree,Slightly agree,Slightly agree,Agree,Agree,Slightly agree,0,0,0,0,0,0,0,0,36,41,28,9,8,6,29,9,0,0,19,28,34,34,9,9,Not at all,Not at all,Not at all,Not at all,Not at all,Not at all,Not at all,Not at all,Not at all,Not at all,Not at all,Not at all,Not at all,Neither agree nor disagree,Neither agree nor disagree,Neither agree nor disagree,2,3,3,2,3,43,Man,-99,No,No,No,No,No,No,No,Pass,Pass,0,0,No financial stress,Man,5.333333333333333,0,28.5,13,11.75,21.5,2.6,4,Not at all,Not at all,Not at all,Not at all
13885504595,13885504950,Strongly disagree,Nearly every day,Slightly agree,Slightly agree,Agree,Slightly agree,Neither agree nor disagree,Agree,0,0,5,45,13,19,56,8,44,47,20,46,14,30,34,35,0,9,8,9,49,26,38,36,Not at all,Not at all,Not at all,Not at all,Not at all,Not at all,Not at all,Not at all,Not at all,Not at all,Not at all,Not at all,Not at all,Neither agree nor disagree,Neither agree nor disagree,Neither agree nor disagree,3,3,3,2,3,34,Man,-99,No,No,No,No,No,No,No,Pass,Pass,0,0,No financial stress,Man,5.166666666666667,18.25,39.25,28.25,6.5,37.25,2.8,4,Not at all,Not at all,Not at all,Not at all
13885501654,13885502160,Strongly disagree,Nearly every day,Slightly disagree,Slightly disagree,Slightly disagree,Slightly agree,Slightly disagree,Slightly disagree,0,5,0,0,0,0,15,0,25,15,15,13,10,4,4,2,4,4,3,4,5,4,5,3,Not at all,Not at all,Not at all,Not at all,Not at all,Not at all,Not at all,Not at all,Not at all,Not at all,Not at all,Not at all,Not at all,Neither agree nor disagree,Neither agree nor disagree,Neither agree nor disagree,2,2,2,2,2,43,Man,-99,Yes,No,No,No,No,Yes,No,Pass,Pass,0,2,Some financial stress,Man,3.3333333333333335,2.5,17,5,3.75,4.25,2,4,Not at all,Not at all,Not at all,Not at all
13885501888,13885502460,Strongly disagree,Nearly every day,Slightly disagree,Slightly disagree,Slightly disagree,Slightly disagree,Slightly disagree,Slightly disagree,0,0,0,0,0,0,0,0,3,14,0,4,19,0,33,0,0,0,14,0,21,28,11,0,Not at all,Not at all,Not at all,Not at all,Not at all,Not at all,Not at all,Not at all,Not at all,Not at all,Not at all,Not at all,Not at all,Neither agree nor disagree,Agree,Neither agree nor disagree,2,2,2,2,2,39,Man,-99,No,No,No,No,No,No,No,Pass,Pass,0,0,No financial stress,Man,Slightly disagree,0,5.25,13,3.5,15,2,4.666666666666667,Not at all,Not at all,Not at all,Not at all
13885504684,13885505204,Strongly disagree,Nearly every day,Slightly agree,Slightly agree,Neither agree nor disagree,Slightly agree,Slightly agree,Slightly agree,10,0,30,40,0,10,35,5,25,35,10,30,20,20,20,10,15,5,20,20,15,10,25,30,Not at all,Not at all,Not at all,Not at all,Not at all,Not at all,Not at all,Not at all,Not at all,Not at all,Not at all,Not at all,Not at all,Neither agree nor disagree,Neither agree nor disagree,Neither agree nor disagree,3,3,4,3,3,33,Woman,-99,Yes,Yes,No,Yes,No,Yes,No,Pass,Pass,0,4,Some financial stress,Woman,4.833333333333333,16.25,25,17.5,15,20,3.2,4,Not at all,Not at all,Not at all,Not at all
13885502779,13885503294,Strongly disagree,Nearly every day,Slightly agree,Neither agree nor disagree,Slightly disagree,Slightly disagree,Neither agree nor disagree,Neither agree nor disagree,0,0,20,60,10,5,0,0,20,25,20,10,30,5,15,5,15,5,40,15,20,20,5,25,Not at all,Not at all,Not at all,Not at all,Not at all,Not at all,Not at all,Not at all,Not at all,Not at all,Not at all,Not at all,Not at all,Agree,Agree,Agree,2,2,3,4,3,35,Man,-99,No,No,No,No,No,No,No,Pass,Pass,0,0,No financial stress,Man,3.8333333333333335,11.875,18.75,13.75,18.75,17.5,2.8,6,Not at all,Not at all,Not at all,Not at all
13885503129,13885503612,Strongly disagree,Nearly every day,Neither agree nor disagree,Slightly disagree,Agree,Agree,Slightly disagree,Neither agree nor disagree,0,0,17,27,2,0,33,11,20,61,23,47,39,26,21,30,42,7,27,22,34,29,15,14,Not at all,Not at all,Not at all,Not at all,Not at all,Not at all,Not at all,Not at all,Not at all,Not at all,Not at all,Not at all,Not at all,Agree,Somewhat agree,Somewhat agree,3,3,3,4,3,31,Man,-99,No,No,No,No,No,No,No,Pass,Pass,0,0,No financial stress,Man,4.333333333333333,11.25,37.75,29,24.5,23,3.2,5.333333333333333,Not at all,Not at all,Not at all,Not at all
13885504414,13885504843,Strongly disagree,Nearly every day,Slightly agree,Slightly agree,Slightly disagree,Slightly agree,Neither agree nor disagree,Neither agree nor disagree,0,0,10,90,10,10,0,20,30,30,30,20,15,15,15,15,10,10,10,15,30,30,30,10,Not at all,Not at all,Not at all,Not at all,Not at all,Not at all,Not at all,Not at all,Not at all,Not at all,Not at all,Not at all,Not at all,Agree,Agree,Agree,2,2,2,2,2,32,Man,-99,Yes,Yes,No,No,Yes,Yes,Yes,Pass,Pass,0,5,Some financial stress,Man,4.333333333333333,17.5,27.5,15,11.25,25,2,6,Not at all,Not at all,Not at all,Not at all